
==============================================================================
Feature extraction
==============================================================================

Processed file [1/29]
  Name:            rgb_blur_000.png
  Dimensions:      600 x 400
  Camera:          #1 - SIMPLE_PINHOLE
  Focal Length:    720.00px
  Features:        2507
Processed file [2/29]
  Name:            rgb_blur_001.png
  Dimensions:      600 x 400
  Camera:          #2 - SIMPLE_PINHOLE
  Focal Length:    720.00px
  Features:        2588
Processed file [3/29]
  Name:            rgb_blur_002.png
  Dimensions:      600 x 400
  Camera:          #3 - SIMPLE_PINHOLE
  Focal Length:    720.00px
  Features:        2144
Processed file [4/29]
  Name:            rgb_blur_003.png
  Dimensions:      600 x 400
  Camera:          #4 - SIMPLE_PINHOLE
  Focal Length:    720.00px
  Features:        1225
Processed file [5/29]
  Name:            rgb_blur_004.png
  Dimensions:      600 x 400
  Camera:          #5 - SIMPLE_PINHOLE
  Focal Length:    720.00px
  Features:        1748
Processed file [6/29]
  Name:            rgb_blur_005.png
  Dimensions:      600 x 400
  Camera:          #6 - SIMPLE_PINHOLE
  Focal Length:    720.00px
  Features:        878
Processed file [7/29]
  Name:            rgb_blur_006.png
  Dimensions:      600 x 400
  Camera:          #7 - SIMPLE_PINHOLE
  Focal Length:    720.00px
  Features:        742
Processed file [8/29]
  Name:            rgb_blur_007.png
  Dimensions:      600 x 400
  Camera:          #8 - SIMPLE_PINHOLE
  Focal Length:    720.00px
  Features:        2080
Processed file [9/29]
  Name:            rgb_blur_008.png
  Dimensions:      600 x 400
  Camera:          #9 - SIMPLE_PINHOLE
  Focal Length:    720.00px
  Features:        813
Processed file [10/29]
  Name:            rgb_blur_009.png
  Dimensions:      600 x 400
  Camera:          #10 - SIMPLE_PINHOLE
  Focal Length:    720.00px
  Features:        2073
Processed file [11/29]
  Name:            rgb_blur_010.png
  Dimensions:      600 x 400
  Camera:          #11 - SIMPLE_PINHOLE
  Focal Length:    720.00px
  Features:        1940
Processed file [12/29]
  Name:            rgb_blur_011.png
  Dimensions:      600 x 400
  Camera:          #12 - SIMPLE_PINHOLE
  Focal Length:    720.00px
  Features:        648
Processed file [13/29]
  Name:            rgb_blur_012.png
  Dimensions:      600 x 400
  Camera:          #13 - SIMPLE_PINHOLE
  Focal Length:    720.00px
  Features:        720
Processed file [14/29]
  Name:            rgb_blur_013.png
  Dimensions:      600 x 400
  Camera:          #14 - SIMPLE_PINHOLE
  Focal Length:    720.00px
  Features:        1508
Processed file [15/29]
  Name:            rgb_blur_014.png
  Dimensions:      600 x 400
  Camera:          #15 - SIMPLE_PINHOLE
  Focal Length:    720.00px
  Features:        1405
Processed file [16/29]
  Name:            rgb_blur_015.png
  Dimensions:      600 x 400
  Camera:          #16 - SIMPLE_PINHOLE
  Focal Length:    720.00px
  Features:        504
Processed file [17/29]
  Name:            rgb_blur_016.png
  Dimensions:      600 x 400
  Camera:          #17 - SIMPLE_PINHOLE
  Focal Length:    720.00px
  Features:        2116
Processed file [18/29]
  Name:            rgb_blur_017.png
  Dimensions:      600 x 400
  Camera:          #18 - SIMPLE_PINHOLE
  Focal Length:    720.00px
  Features:        940
Processed file [19/29]
  Name:            rgb_blur_018.png
  Dimensions:      600 x 400
  Camera:          #19 - SIMPLE_PINHOLE
  Focal Length:    720.00px
  Features:        730
Processed file [20/29]
  Name:            rgb_blur_019.png
  Dimensions:      600 x 400
  Camera:          #20 - SIMPLE_PINHOLE
  Focal Length:    720.00px
  Features:        882
Processed file [21/29]
  Name:            rgb_blur_020.png
  Dimensions:      600 x 400
  Camera:          #21 - SIMPLE_PINHOLE
  Focal Length:    720.00px
  Features:        925
Processed file [22/29]
  Name:            rgb_blur_021.png
  Dimensions:      600 x 400
  Camera:          #22 - SIMPLE_PINHOLE
  Focal Length:    720.00px
  Features:        660
Processed file [23/29]
  Name:            rgb_blur_022.png
  Dimensions:      600 x 400
  Camera:          #23 - SIMPLE_PINHOLE
  Focal Length:    720.00px
  Features:        534
Processed file [24/29]
  Name:            rgb_blur_023.png
  Dimensions:      600 x 400
  Camera:          #24 - SIMPLE_PINHOLE
  Focal Length:    720.00px
  Features:        589
Processed file [25/29]
  Name:            rgb_blur_024.png
  Dimensions:      600 x 400
  Camera:          #25 - SIMPLE_PINHOLE
  Focal Length:    720.00px
  Features:        1162
Processed file [26/29]
  Name:            rgb_blur_025.png
  Dimensions:      600 x 400
  Camera:          #26 - SIMPLE_PINHOLE
  Focal Length:    720.00px
  Features:        1445
Processed file [27/29]
  Name:            rgb_blur_026.png
  Dimensions:      600 x 400
  Camera:          #27 - SIMPLE_PINHOLE
  Focal Length:    720.00px
  Features:        864
Processed file [28/29]
  Name:            rgb_blur_027.png
  Dimensions:      600 x 400
  Camera:          #28 - SIMPLE_PINHOLE
  Focal Length:    720.00px
  Features:        1603
Processed file [29/29]
  Name:            rgb_blur_028.png
  Dimensions:      600 x 400
  Camera:          #29 - SIMPLE_PINHOLE
  Focal Length:    720.00px
  Features:        1475
Elapsed time: 0.010 [minutes]

==============================================================================
Exhaustive feature matching
==============================================================================

Matching block [1/1, 1/1] in 0.469s
Elapsed time: 0.008 [minutes]

==============================================================================
Loading database
==============================================================================

Loading cameras... 29 in 0.000s
Loading matches... 392 in 0.001s
Loading images... 29 in 0.002s (connected 29)
Building correspondence graph... in 0.005s (ignored 0)

Elapsed time: 0.000 [minutes]


==============================================================================
Finding good initial image pair
==============================================================================


==============================================================================
Initializing with image pair #10 and #17
==============================================================================


==============================================================================
Global bundle adjustment
==============================================================================

iter      cost      cost_change  |gradient|   |step|    tr_ratio  tr_radius  ls_iter  iter_time  total_time
   0  6.821815e+03    0.00e+00    3.38e+04   0.00e+00   0.00e+00  1.00e+04        0    4.09e-04    2.96e-03
   1  2.408786e+04   -1.73e+04    3.38e+04   1.41e+02  -2.72e+00  5.00e+03        1    6.47e-04    3.62e-03
   2  1.359575e+04   -6.77e+03    3.38e+04   1.08e+02  -1.08e+00  1.25e+03        1    2.89e-04    3.92e-03
   3  7.890647e+03   -1.07e+03    3.38e+04   8.22e+01  -1.77e-01  1.56e+02        1    2.87e-04    4.21e-03
   4  1.748682e+03    5.07e+03    2.31e+04   4.66e+01   9.48e-01  4.69e+02        1    5.56e-04    4.77e-03
   5  9.319194e+02    8.17e+02    3.17e+03   1.99e+01   9.73e-01  1.41e+03        1    5.77e-04    5.36e-03
   6  6.878002e+02    2.44e+02    1.17e+03   2.77e+01   7.81e-01  1.71e+03        1    5.79e-04    5.94e-03
   7  5.068340e+02    1.81e+02    6.70e+02   2.39e+01   8.96e-01  3.39e+03        1    5.78e-04    6.53e-03
   8  4.484070e+02    5.84e+01    4.14e+02   3.09e+01   7.59e-01  3.94e+03        1    5.77e-04    7.11e-03
   9  4.194909e+02    2.89e+01    1.48e+02   2.70e+01   9.38e-01  1.18e+04        1    5.78e-04    7.69e-03
  10  4.423555e+02   -2.29e+01    1.48e+02   6.55e+01  -1.72e+00  5.91e+03        1    3.11e-04    8.01e-03
  11  4.140226e+02    5.47e+00    4.08e+02   3.44e+01   6.60e-01  6.11e+03        1    5.91e-04    8.60e-03
  12  4.088971e+02    5.13e+00    3.84e+02   3.25e+01   6.99e-01  6.53e+03        1    5.85e-04    9.20e-03
  13  4.047547e+02    4.14e+00    3.75e+02   3.25e+01   6.63e-01  6.76e+03        1    5.80e-04    9.78e-03
  14  4.009036e+02    3.85e+00    3.45e+02   3.18e+01   6.81e-01  7.10e+03        1    5.78e-04    1.04e-02
  15  3.975487e+02    3.35e+00    3.27e+02   3.17e+01   6.71e-01  7.39e+03        1    5.79e-04    1.10e-02
  16  3.945112e+02    3.04e+00    3.07e+02   3.13e+01   6.74e-01  7.72e+03        1    5.79e-04    1.15e-02
  17  3.917964e+02    2.71e+00    2.90e+02   3.11e+01   6.70e-01  8.04e+03        1    5.78e-04    1.21e-02
  18  3.893408e+02    2.46e+00    2.75e+02   3.09e+01   6.70e-01  8.37e+03        1    5.79e-04    1.27e-02
  19  3.871213e+02    2.22e+00    2.60e+02   3.07e+01   6.68e-01  8.70e+03        1    5.78e-04    1.33e-02
  20  3.851053e+02    2.02e+00    2.47e+02   3.05e+01   6.67e-01  9.03e+03        1    5.79e-04    1.39e-02
  21  3.832705e+02    1.83e+00    2.35e+02   3.03e+01   6.65e-01  9.37e+03        1    5.78e-04    1.45e-02
  22  3.815956e+02    1.67e+00    2.24e+02   3.01e+01   6.64e-01  9.71e+03        1    5.90e-04    1.51e-02
  23  3.800632e+02    1.53e+00    2.14e+02   2.99e+01   6.62e-01  1.01e+04        1    5.76e-04    1.56e-02
  24  3.786578e+02    1.41e+00    2.05e+02   2.96e+01   6.61e-01  1.04e+04        1    5.75e-04    1.62e-02
  25  3.773659e+02    1.29e+00    1.96e+02   2.94e+01   6.60e-01  1.07e+04        1    5.79e-04    1.68e-02
  26  3.761760e+02    1.19e+00    1.88e+02   2.92e+01   6.58e-01  1.11e+04        1    5.77e-04    1.74e-02
  27  3.750777e+02    1.10e+00    1.80e+02   2.90e+01   6.57e-01  1.15e+04        1    5.76e-04    1.80e-02
  28  3.740620e+02    1.02e+00    1.73e+02   2.88e+01   6.56e-01  1.18e+04        1    5.75e-04    1.85e-02
  29  3.731209e+02    9.41e-01    1.66e+02   2.86e+01   6.54e-01  1.22e+04        1    5.74e-04    1.91e-02
  30  3.722474e+02    8.74e-01    1.60e+02   2.84e+01   6.53e-01  1.25e+04        1    5.76e-04    1.97e-02
  31  3.714352e+02    8.12e-01    1.54e+02   2.82e+01   6.52e-01  1.29e+04        1    5.75e-04    2.03e-02
  32  3.706787e+02    7.56e-01    1.48e+02   2.80e+01   6.51e-01  1.33e+04        1    5.74e-04    2.09e-02
  33  3.699730e+02    7.06e-01    1.43e+02   2.78e+01   6.50e-01  1.36e+04        1    5.74e-04    2.15e-02
  34  3.693136e+02    6.59e-01    1.38e+02   2.76e+01   6.49e-01  1.40e+04        1    5.74e-04    2.20e-02
  35  3.686966e+02    6.17e-01    1.34e+02   2.74e+01   6.48e-01  1.44e+04        1    5.75e-04    2.26e-02
  36  3.681183e+02    5.78e-01    1.29e+02   2.72e+01   6.47e-01  1.47e+04        1    5.73e-04    2.32e-02
  37  3.675755e+02    5.43e-01    1.25e+02   2.70e+01   6.46e-01  1.51e+04        1    5.76e-04    2.38e-02
  38  3.670655e+02    5.10e-01    1.21e+02   2.68e+01   6.45e-01  1.55e+04        1    5.75e-04    2.43e-02
  39  3.665854e+02    4.80e-01    1.18e+02   2.66e+01   6.44e-01  1.59e+04        1    5.75e-04    2.49e-02
  40  3.661330e+02    4.52e-01    1.14e+02   2.64e+01   6.44e-01  1.63e+04        1    5.75e-04    2.55e-02
  41  3.657062e+02    4.27e-01    1.11e+02   2.63e+01   6.43e-01  1.67e+04        1    5.73e-04    2.61e-02
  42  3.653029e+02    4.03e-01    1.08e+02   2.61e+01   6.42e-01  1.71e+04        1    5.75e-04    2.67e-02
  43  3.649214e+02    3.82e-01    1.08e+02   2.59e+01   6.41e-01  1.75e+04        1    5.74e-04    2.72e-02
  44  3.645600e+02    3.61e-01    1.10e+02   2.57e+01   6.41e-01  1.79e+04        1    5.75e-04    2.78e-02
  45  3.642174e+02    3.43e-01    1.12e+02   2.55e+01   6.40e-01  1.83e+04        1    5.73e-04    2.84e-02
  46  3.638921e+02    3.25e-01    1.13e+02   2.53e+01   6.40e-01  1.87e+04        1    5.76e-04    2.90e-02
  47  3.635828e+02    3.09e-01    1.15e+02   2.51e+01   6.39e-01  1.91e+04        1    5.84e-04    2.96e-02
  48  3.632886e+02    2.94e-01    1.16e+02   2.49e+01   6.38e-01  1.95e+04        1    5.75e-04    3.02e-02
  49  3.630083e+02    2.80e-01    1.18e+02   2.47e+01   6.38e-01  1.99e+04        1    5.76e-04    3.07e-02
  50  3.627409e+02    2.67e-01    1.19e+02   2.45e+01   6.37e-01  2.03e+04        1    5.74e-04    3.13e-02
  51  3.624856e+02    2.55e-01    1.21e+02   2.43e+01   6.37e-01  2.07e+04        1    5.74e-04    3.19e-02
  52  3.622416e+02    2.44e-01    1.22e+02   2.41e+01   6.37e-01  2.12e+04        1    5.74e-04    3.25e-02
  53  3.620081e+02    2.33e-01    1.23e+02   2.39e+01   6.36e-01  2.16e+04        1    5.74e-04    3.31e-02
  54  3.617844e+02    2.24e-01    1.25e+02   2.37e+01   6.36e-01  2.21e+04        1    5.81e-04    3.36e-02
  55  3.615699e+02    2.15e-01    1.26e+02   2.36e+01   6.35e-01  2.25e+04        1    5.74e-04    3.42e-02
  56  3.613640e+02    2.06e-01    1.27e+02   2.34e+01   6.35e-01  2.30e+04        1    5.75e-04    3.48e-02
  57  3.611661e+02    1.98e-01    1.28e+02   2.32e+01   6.35e-01  2.34e+04        1    5.74e-04    3.54e-02
  58  3.609756e+02    1.90e-01    1.29e+02   2.30e+01   6.35e-01  2.39e+04        1    5.75e-04    3.60e-02
  59  3.607922e+02    1.83e-01    1.30e+02   2.28e+01   6.34e-01  2.44e+04        1    5.75e-04    3.65e-02
  60  3.606154e+02    1.77e-01    1.32e+02   2.26e+01   6.34e-01  2.48e+04        1    5.74e-04    3.71e-02
  61  3.604447e+02    1.71e-01    1.33e+02   2.24e+01   6.34e-01  2.53e+04        1    5.75e-04    3.77e-02
  62  3.602798e+02    1.65e-01    1.34e+02   2.22e+01   6.34e-01  2.58e+04        1    5.74e-04    3.83e-02
  63  3.601202e+02    1.60e-01    1.35e+02   2.21e+01   6.34e-01  2.63e+04        1    5.75e-04    3.89e-02
  64  3.599657e+02    1.55e-01    1.36e+02   2.19e+01   6.34e-01  2.68e+04        1    5.75e-04    3.94e-02
  65  3.598159e+02    1.50e-01    1.37e+02   2.17e+01   6.34e-01  2.74e+04        1    5.74e-04    4.00e-02
  66  3.596705e+02    1.45e-01    1.38e+02   2.15e+01   6.34e-01  2.79e+04        1    5.75e-04    4.06e-02
  67  3.595293e+02    1.41e-01    1.39e+02   2.13e+01   6.34e-01  2.85e+04        1    5.75e-04    4.12e-02
  68  3.593919e+02    1.37e-01    1.40e+02   2.11e+01   6.34e-01  2.90e+04        1    5.74e-04    4.18e-02
  69  3.592580e+02    1.34e-01    1.41e+02   2.10e+01   6.34e-01  2.96e+04        1    5.74e-04    4.23e-02
  70  3.591276e+02    1.30e-01    1.42e+02   2.08e+01   6.34e-01  3.02e+04        1    5.75e-04    4.29e-02
  71  3.590002e+02    1.27e-01    1.43e+02   2.06e+01   6.35e-01  3.08e+04        1    5.75e-04    4.35e-02
  72  3.588758e+02    1.24e-01    1.45e+02   2.04e+01   6.35e-01  3.14e+04        1    5.74e-04    4.41e-02
  73  3.587540e+02    1.22e-01    1.46e+02   2.02e+01   6.35e-01  3.20e+04        1    5.94e-04    4.47e-02
  74  3.586348e+02    1.19e-01    1.47e+02   2.00e+01   6.35e-01  3.27e+04        1    5.76e-04    4.53e-02
  75  3.585178e+02    1.17e-01    1.48e+02   1.98e+01   6.36e-01  3.33e+04        1    5.75e-04    4.58e-02
  76  3.584030e+02    1.15e-01    1.49e+02   1.97e+01   6.36e-01  3.40e+04        1    5.74e-04    4.64e-02
  77  3.582900e+02    1.13e-01    1.50e+02   1.95e+01   6.36e-01  3.47e+04        1    5.74e-04    4.70e-02
  78  3.581789e+02    1.11e-01    1.51e+02   1.93e+01   6.36e-01  3.54e+04        1    5.75e-04    4.76e-02
  79  3.580694e+02    1.10e-01    1.52e+02   1.91e+01   6.37e-01  3.62e+04        1    5.74e-04    4.82e-02
  80  3.579613e+02    1.08e-01    1.53e+02   1.89e+01   6.37e-01  3.69e+04        1    5.75e-04    4.87e-02
  81  3.578545e+02    1.07e-01    1.54e+02   1.87e+01   6.38e-01  3.77e+04        1    5.75e-04    4.93e-02
  82  3.577488e+02    1.06e-01    1.55e+02   1.85e+01   6.38e-01  3.85e+04        1    5.75e-04    4.99e-02
  83  3.576442e+02    1.05e-01    1.56e+02   1.83e+01   6.38e-01  3.94e+04        1    5.75e-04    5.05e-02
  84  3.575404e+02    1.04e-01    1.56e+02   1.81e+01   6.39e-01  4.02e+04        1    5.73e-04    5.11e-02
  85  3.574373e+02    1.03e-01    1.57e+02   1.79e+01   6.39e-01  4.11e+04        1    5.75e-04    5.16e-02
  86  3.573349e+02    1.02e-01    1.58e+02   1.77e+01   6.39e-01  4.20e+04        1    5.75e-04    5.22e-02
  87  3.572329e+02    1.02e-01    1.59e+02   1.75e+01   6.40e-01  4.30e+04        1    5.74e-04    5.28e-02
  88  3.571312e+02    1.02e-01    1.59e+02   1.73e+01   6.40e-01  4.39e+04        1    5.74e-04    5.34e-02
  89  3.570297e+02    1.01e-01    1.59e+02   1.70e+01   6.40e-01  4.49e+04        1    5.75e-04    5.40e-02
  90  3.569283e+02    1.01e-01    1.59e+02   1.68e+01   6.40e-01  4.59e+04        1    5.74e-04    5.45e-02
  91  3.568268e+02    1.01e-01    1.59e+02   1.66e+01   6.40e-01  4.70e+04        1    5.73e-04    5.51e-02
  92  3.567252e+02    1.02e-01    1.59e+02   1.63e+01   6.40e-01  4.80e+04        1    5.75e-04    5.57e-02
  93  3.566234e+02    1.02e-01    1.58e+02   1.61e+01   6.40e-01  4.91e+04        1    5.74e-04    5.63e-02
  94  3.565212e+02    1.02e-01    1.57e+02   1.58e+01   6.40e-01  5.02e+04        1    5.75e-04    5.69e-02
  95  3.564185e+02    1.03e-01    1.56e+02   1.55e+01   6.39e-01  5.13e+04        1    5.76e-04    5.74e-02
  96  3.563153e+02    1.03e-01    1.54e+02   1.53e+01   6.39e-01  5.24e+04        1    5.74e-04    5.80e-02
  97  3.562114e+02    1.04e-01    1.52e+02   1.50e+01   6.38e-01  5.36e+04        1    5.74e-04    5.86e-02
  98  3.561068e+02    1.05e-01    1.50e+02   1.47e+01   6.37e-01  5.47e+04        1    5.74e-04    5.92e-02
  99  3.560014e+02    1.05e-01    1.46e+02   1.43e+01   6.36e-01  5.58e+04        1    6.07e-04    5.98e-02
 100  3.558951e+02    1.06e-01    1.42e+02   1.40e+01   6.34e-01  5.69e+04        1    5.78e-04    6.04e-02


Bundle adjustment report
------------------------
    Residuals : 992
   Parameters : 751
   Iterations : 101
         Time : 0.060432 [s]
 Initial cost : 2.62237 [px]
   Final cost : 0.59897 [px]
  Termination : No convergence

  => Filtered observations: 8
  => Filtered images: 0

==============================================================================
Registering image #3 (3)
==============================================================================

  => Image sees 202 / 1222 points

Pose refinement report
----------------------
    Residuals : 404
   Parameters : 7
   Iterations : 11
         Time : 0.0020613 [s]
 Initial cost : 0.86723 [px]
   Final cost : 0.421646 [px]
  Termination : Convergence

  => Continued observations: 202
  => Added observations: 846

Bundle adjustment report
------------------------
    Residuals : 3072
   Parameters : 1967
   Iterations : 26
         Time : 0.0572817 [s]
 Initial cost : 0.507785 [px]
   Final cost : 0.20519 [px]
  Termination : No convergence

  => Merged observations: 0
  => Completed observations: 111
  => Filtered observations: 0
  => Changed observations: 0.072266

Bundle adjustment report
------------------------
    Residuals : 3294
   Parameters : 2129
   Iterations : 26
         Time : 0.0643699 [s]
 Initial cost : 0.225901 [px]
   Final cost : 0.211667 [px]
  Termination : No convergence

  => Merged observations: 0
  => Completed observations: 0
  => Filtered observations: 0
  => Changed observations: 0.000000

==============================================================================
Retriangulation
==============================================================================

  => Completed observations: 0
  => Merged observations: 0
  => Retriangulated observations: 0

==============================================================================
Global bundle adjustment
==============================================================================

iter      cost      cost_change  |gradient|   |step|    tr_ratio  tr_radius  ls_iter  iter_time  total_time
   0  1.475812e+02    0.00e+00    2.42e+02   0.00e+00   0.00e+00  1.00e+04        0    1.09e-03    2.73e-03
   1  1.471222e+02    4.59e-01    2.24e+01   6.39e+00   9.95e-01  3.00e+04        1    2.73e-03    5.47e-03
   2  1.469594e+02    1.63e-01    1.88e+02   1.80e+01   4.58e-01  3.00e+04        1    2.15e-03    7.62e-03
   3  1.466030e+02    3.56e-01    1.79e+02   1.71e+01   6.60e-01  3.10e+04        1    2.13e-03    9.77e-03
   4  1.462688e+02    3.34e-01    1.84e+02   1.70e+01   6.26e-01  3.15e+04        1    2.14e-03    1.19e-02
   5  1.459223e+02    3.47e-01    1.82e+02   1.66e+01   6.29e-01  3.21e+04        1    2.14e-03    1.41e-02
   6  1.455761e+02    3.46e-01    1.81e+02   1.63e+01   6.23e-01  3.25e+04        1    2.13e-03    1.62e-02
   7  1.452267e+02    3.49e-01    1.80e+02   1.60e+01   6.20e-01  3.30e+04        1    2.13e-03    1.83e-02
   8  1.448746e+02    3.52e-01    1.79e+02   1.57e+01   6.17e-01  3.34e+04        1    2.13e-03    2.05e-02
   9  1.445194e+02    3.55e-01    1.78e+02   1.55e+01   6.15e-01  3.38e+04        1    2.16e-03    2.26e-02
  10  1.441606e+02    3.59e-01    1.77e+02   1.52e+01   6.12e-01  3.42e+04        1    2.14e-03    2.48e-02
  11  1.437979e+02    3.63e-01    1.76e+02   1.51e+01   6.10e-01  3.46e+04        1    2.13e-03    2.69e-02
  12  1.434311e+02    3.67e-01    1.75e+02   1.49e+01   6.08e-01  3.49e+04        1    2.13e-03    2.91e-02
  13  1.430597e+02    3.71e-01    1.74e+02   1.48e+01   6.06e-01  3.53e+04        1    2.14e-03    3.12e-02
  14  1.426837e+02    3.76e-01    1.73e+02   1.47e+01   6.04e-01  3.56e+04        1    2.14e-03    3.34e-02
  15  1.423029e+02    3.81e-01    1.73e+02   1.46e+01   6.02e-01  3.59e+04        1    2.13e-03    3.55e-02
  16  1.419172e+02    3.86e-01    1.72e+02   1.45e+01   6.00e-01  3.62e+04        1    2.15e-03    3.77e-02
  17  1.415266e+02    3.91e-01    1.71e+02   1.44e+01   5.98e-01  3.65e+04        1    2.14e-03    3.98e-02
  18  1.411310e+02    3.96e-01    1.71e+02   1.44e+01   5.96e-01  3.67e+04        1    2.14e-03    4.19e-02
  19  1.407305e+02    4.01e-01    1.70e+02   1.44e+01   5.94e-01  3.70e+04        1    2.13e-03    4.41e-02
  20  1.403251e+02    4.05e-01    1.69e+02   1.43e+01   5.92e-01  3.72e+04        1    2.13e-03    4.62e-02
  21  1.399149e+02    4.10e-01    1.69e+02   1.43e+01   5.89e-01  3.74e+04        1    2.16e-03    4.84e-02
  22  1.395000e+02    4.15e-01    1.68e+02   1.43e+01   5.87e-01  3.76e+04        1    2.13e-03    5.05e-02
  23  1.390805e+02    4.19e-01    1.67e+02   1.43e+01   5.86e-01  3.78e+04        1    2.15e-03    5.27e-02
  24  1.386565e+02    4.24e-01    1.66e+02   1.43e+01   5.84e-01  3.80e+04        1    2.13e-03    5.48e-02
  25  1.382282e+02    4.28e-01    1.65e+02   1.43e+01   5.82e-01  3.82e+04        1    2.13e-03    5.70e-02
  26  1.377956e+02    4.33e-01    1.64e+02   1.43e+01   5.80e-01  3.83e+04        1    2.13e-03    5.91e-02
  27  1.373590e+02    4.37e-01    1.63e+02   1.43e+01   5.79e-01  3.85e+04        1    2.13e-03    6.12e-02
  28  1.369184e+02    4.41e-01    1.62e+02   1.43e+01   5.77e-01  3.86e+04        1    2.13e-03    6.34e-02
  29  1.364741e+02    4.44e-01    1.60e+02   1.43e+01   5.76e-01  3.87e+04        1    2.14e-03    6.55e-02
  30  1.360261e+02    4.48e-01    1.59e+02   1.43e+01   5.75e-01  3.89e+04        1    2.17e-03    6.77e-02
  31  1.355746e+02    4.51e-01    1.57e+02   1.44e+01   5.74e-01  3.90e+04        1    2.14e-03    6.98e-02
  32  1.351198e+02    4.55e-01    1.56e+02   1.44e+01   5.73e-01  3.91e+04        1    2.14e-03    7.20e-02
  33  1.346619e+02    4.58e-01    1.54e+02   1.44e+01   5.72e-01  3.92e+04        1    2.13e-03    7.41e-02
  34  1.342009e+02    4.61e-01    1.52e+02   1.44e+01   5.72e-01  3.94e+04        1    2.14e-03    7.63e-02
  35  1.337372e+02    4.64e-01    1.51e+02   1.44e+01   5.71e-01  3.95e+04        1    2.13e-03    7.84e-02
  36  1.332708e+02    4.66e-01    1.49e+02   1.44e+01   5.71e-01  3.96e+04        1    2.13e-03    8.06e-02
  37  1.328019e+02    4.69e-01    1.47e+02   1.44e+01   5.71e-01  3.97e+04        1    2.15e-03    8.27e-02
  38  1.323307e+02    4.71e-01    1.45e+02   1.44e+01   5.71e-01  3.98e+04        1    2.14e-03    8.49e-02
  39  1.318575e+02    4.73e-01    1.43e+02   1.45e+01   5.71e-01  3.99e+04        1    2.13e-03    8.70e-02
  40  1.313823e+02    4.75e-01    1.41e+02   1.45e+01   5.71e-01  4.00e+04        1    2.13e-03    8.91e-02
  41  1.309054e+02    4.77e-01    1.39e+02   1.45e+01   5.71e-01  4.02e+04        1    2.13e-03    9.13e-02
  42  1.304269e+02    4.78e-01    1.37e+02   1.45e+01   5.72e-01  4.03e+04        1    2.13e-03    9.34e-02
  43  1.299472e+02    4.80e-01    1.35e+02   1.45e+01   5.72e-01  4.04e+04        1    2.13e-03    9.55e-02
  44  1.294663e+02    4.81e-01    1.33e+02   1.46e+01   5.73e-01  4.05e+04        1    2.15e-03    9.77e-02
  45  1.289844e+02    4.82e-01    1.30e+02   1.46e+01   5.74e-01  4.07e+04        1    2.13e-03    9.98e-02
  46  1.285019e+02    4.83e-01    1.28e+02   1.46e+01   5.75e-01  4.08e+04        1    2.16e-03    1.02e-01
  47  1.280188e+02    4.83e-01    1.26e+02   1.47e+01   5.76e-01  4.09e+04        1    2.14e-03    1.04e-01
  48  1.275354e+02    4.83e-01    1.24e+02   1.47e+01   5.77e-01  4.11e+04        1    2.13e-03    1.06e-01
  49  1.270519e+02    4.84e-01    1.21e+02   1.47e+01   5.78e-01  4.13e+04        1    2.13e-03    1.08e-01
  50  1.265684e+02    4.83e-01    1.19e+02   1.48e+01   5.79e-01  4.14e+04        1    2.13e-03    1.11e-01
  51  1.260853e+02    4.83e-01    1.17e+02   1.48e+01   5.81e-01  4.16e+04        1    2.14e-03    1.13e-01
  52  1.256027e+02    4.83e-01    1.14e+02   1.49e+01   5.82e-01  4.18e+04        1    2.14e-03    1.15e-01
  53  1.251208e+02    4.82e-01    1.12e+02   1.49e+01   5.84e-01  4.20e+04        1    2.13e-03    1.17e-01
  54  1.246398e+02    4.81e-01    1.10e+02   1.50e+01   5.85e-01  4.22e+04        1    2.13e-03    1.19e-01
  55  1.241598e+02    4.80e-01    1.08e+02   1.50e+01   5.87e-01  4.24e+04        1    2.13e-03    1.21e-01
  56  1.236812e+02    4.79e-01    1.05e+02   1.51e+01   5.88e-01  4.26e+04        1    2.13e-03    1.23e-01
  57  1.232040e+02    4.77e-01    1.03e+02   1.52e+01   5.90e-01  4.29e+04        1    2.13e-03    1.26e-01
  58  1.227285e+02    4.76e-01    1.01e+02   1.53e+01   5.92e-01  4.32e+04        1    2.14e-03    1.28e-01
  59  1.222548e+02    4.74e-01    9.87e+01   1.54e+01   5.93e-01  4.34e+04        1    2.13e-03    1.30e-01
  60  1.217831e+02    4.72e-01    9.65e+01   1.55e+01   5.95e-01  4.37e+04        1    2.14e-03    1.32e-01
  61  1.213136e+02    4.70e-01    9.43e+01   1.56e+01   5.97e-01  4.41e+04        1    2.13e-03    1.34e-01
  62  1.208464e+02    4.67e-01    9.22e+01   1.57e+01   5.98e-01  4.44e+04        1    2.13e-03    1.36e-01
  63  1.203818e+02    4.65e-01    9.01e+01   1.58e+01   6.00e-01  4.48e+04        1    2.13e-03    1.38e-01
  64  1.199198e+02    4.62e-01    8.80e+01   1.59e+01   6.02e-01  4.51e+04        1    2.13e-03    1.41e-01
  65  1.194606e+02    4.59e-01    8.59e+01   1.61e+01   6.04e-01  4.55e+04        1    2.15e-03    1.43e-01
  66  1.190044e+02    4.56e-01    8.39e+01   1.62e+01   6.05e-01  4.60e+04        1    2.13e-03    1.45e-01
  67  1.185513e+02    4.53e-01    8.19e+01   1.63e+01   6.07e-01  4.64e+04        1    2.13e-03    1.47e-01
  68  1.181014e+02    4.50e-01    8.00e+01   1.65e+01   6.09e-01  4.69e+04        1    2.13e-03    1.49e-01
  69  1.176550e+02    4.46e-01    7.80e+01   1.67e+01   6.10e-01  4.74e+04        1    2.13e-03    1.51e-01
  70  1.172121e+02    4.43e-01    7.61e+01   1.69e+01   6.12e-01  4.80e+04        1    2.13e-03    1.53e-01
  71  1.167728e+02    4.39e-01    7.43e+01   1.70e+01   6.14e-01  4.85e+04        1    2.13e-03    1.55e-01
  72  1.163374e+02    4.35e-01    7.24e+01   1.72e+01   6.15e-01  4.91e+04        1    2.14e-03    1.58e-01
  73  1.159060e+02    4.31e-01    7.06e+01   1.74e+01   6.17e-01  4.98e+04        1    2.13e-03    1.60e-01
  74  1.154786e+02    4.27e-01    6.88e+01   1.77e+01   6.18e-01  5.04e+04        1    2.14e-03    1.62e-01
  75  1.150554e+02    4.23e-01    6.71e+01   1.79e+01   6.20e-01  5.11e+04        1    2.14e-03    1.64e-01
  76  1.146366e+02    4.19e-01    6.54e+01   1.81e+01   6.21e-01  5.19e+04        1    2.13e-03    1.66e-01
  77  1.142222e+02    4.14e-01    6.37e+01   1.84e+01   6.23e-01  5.26e+04        1    2.13e-03    1.68e-01
  78  1.138124e+02    4.10e-01    6.20e+01   1.87e+01   6.24e-01  5.35e+04        1    2.13e-03    1.70e-01
  79  1.134072e+02    4.05e-01    6.04e+01   1.89e+01   6.26e-01  5.43e+04        1    2.15e-03    1.73e-01
  80  1.130069e+02    4.00e-01    5.88e+01   1.92e+01   6.27e-01  5.52e+04        1    2.13e-03    1.75e-01
  81  1.126116e+02    3.95e-01    5.72e+01   1.95e+01   6.29e-01  5.62e+04        1    2.13e-03    1.77e-01
  82  1.122213e+02    3.90e-01    5.57e+01   1.98e+01   6.30e-01  5.72e+04        1    2.13e-03    1.79e-01
  83  1.118361e+02    3.85e-01    5.42e+01   2.01e+01   6.31e-01  5.83e+04        1    2.13e-03    1.81e-01
  84  1.114562e+02    3.80e-01    5.27e+01   2.05e+01   6.33e-01  5.94e+04        1    2.13e-03    1.83e-01
  85  1.110817e+02    3.75e-01    5.12e+01   2.08e+01   6.34e-01  6.05e+04        1    2.13e-03    1.85e-01
  86  1.107127e+02    3.69e-01    4.98e+01   2.12e+01   6.36e-01  6.18e+04        1    2.14e-03    1.88e-01
  87  1.103492e+02    3.63e-01    4.84e+01   2.15e+01   6.37e-01  6.31e+04        1    2.13e-03    1.90e-01
  88  1.099914e+02    3.58e-01    4.70e+01   2.19e+01   6.38e-01  6.44e+04        1    2.14e-03    1.92e-01
  89  1.096394e+02    3.52e-01    4.57e+01   2.23e+01   6.39e-01  6.59e+04        1    2.13e-03    1.94e-01
  90  1.092932e+02    3.46e-01    4.43e+01   2.27e+01   6.41e-01  6.74e+04        1    2.13e-03    1.96e-01
  91  1.089530e+02    3.40e-01    4.30e+01   2.32e+01   6.42e-01  6.89e+04        1    2.13e-03    1.98e-01
  92  1.086188e+02    3.34e-01    4.17e+01   2.36e+01   6.43e-01  7.06e+04        1    2.13e-03    2.00e-01
  93  1.082906e+02    3.28e-01    4.05e+01   2.41e+01   6.44e-01  7.23e+04        1    2.14e-03    2.03e-01
  94  1.079687e+02    3.22e-01    3.93e+01   2.45e+01   6.46e-01  7.42e+04        1    2.13e-03    2.05e-01
  95  1.076530e+02    3.16e-01    3.81e+01   2.50e+01   6.47e-01  7.61e+04        1    2.13e-03    2.07e-01
  96  1.073436e+02    3.09e-01    3.69e+01   2.55e+01   6.48e-01  7.81e+04        1    2.13e-03    2.09e-01
  97  1.070406e+02    3.03e-01    3.57e+01   2.60e+01   6.49e-01  8.03e+04        1    2.13e-03    2.11e-01
  98  1.067440e+02    2.97e-01    3.46e+01   2.65e+01   6.50e-01  8.25e+04        1    2.13e-03    2.13e-01
  99  1.064539e+02    2.90e-01    3.35e+01   2.71e+01   6.51e-01  8.49e+04        1    2.13e-03    2.15e-01
 100  1.061703e+02    2.84e-01    3.24e+01   2.76e+01   6.53e-01  8.73e+04        1    2.14e-03    2.18e-01


Bundle adjustment report
------------------------
    Residuals : 3294
   Parameters : 2129
   Iterations : 101
         Time : 0.217617 [s]
 Initial cost : 0.211667 [px]
   Final cost : 0.179531 [px]
  Termination : No convergence

  => Completed observations: 0
  => Merged observations: 0
  => Filtered observations: 202
  => Changed observations: 0.122647

==============================================================================
Global bundle adjustment
==============================================================================

iter      cost      cost_change  |gradient|   |step|    tr_ratio  tr_radius  ls_iter  iter_time  total_time
   0  8.183339e+01    0.00e+00    8.33e+00   0.00e+00   0.00e+00  1.00e+04        0    8.57e-04    2.00e-03
   1  8.146033e+01    3.73e-01    1.97e+00   1.54e+01   1.00e+00  3.00e+04        1    2.25e-03    4.26e-03
   2  8.129665e+01    1.64e-01    1.98e+00   2.99e+01   9.75e-01  9.00e+04        1    1.65e-03    5.92e-03
   3  8.105132e+01    2.45e-01    4.97e+00   7.17e+01   9.30e-01  2.48e+05        1    1.65e-03    7.58e-03
   4  8.216037e+01   -1.11e+00    4.97e+00   1.66e+02  -2.00e+00  1.24e+05        1    9.15e-04    8.50e-03
   5  8.082786e+01    2.23e-01    7.14e+00   8.79e+01   7.40e-01  1.40e+05        1    1.59e-03    1.01e-02
   6  8.070565e+01    1.22e-01    1.02e+01   9.20e+01   3.43e-01  1.35e+05        1    1.66e-03    1.18e-02
   7  8.046604e+01    2.40e-01    1.00e+01   8.54e+01   5.04e-01  1.35e+05        1    1.66e-03    1.34e-02
   8  8.022937e+01    2.37e-01    9.47e+00   8.27e+01   5.18e-01  1.35e+05        1    1.66e-03    1.51e-02
   9  7.999702e+01    2.32e-01    8.59e+00   8.06e+01   5.51e-01  1.36e+05        1    1.65e-03    1.67e-02
  10  7.978081e+01    2.16e-01    7.65e+00   7.88e+01   5.79e-01  1.36e+05        1    1.65e-03    1.84e-02
  11  7.958423e+01    1.97e-01    6.80e+00   7.74e+01   6.02e-01  1.37e+05        1    1.65e-03    2.01e-02
  12  7.940644e+01    1.78e-01    6.08e+00   7.64e+01   6.21e-01  1.39e+05        1    1.65e-03    2.17e-02
  13  7.924498e+01    1.61e-01    5.49e+00   7.58e+01   6.36e-01  1.42e+05        1    1.65e-03    2.34e-02
  14  7.909713e+01    1.48e-01    5.02e+00   7.56e+01   6.47e-01  1.46e+05        1    1.65e-03    2.50e-02
  15  7.896052e+01    1.37e-01    4.64e+00   7.58e+01   6.56e-01  1.50e+05        1    1.79e-03    2.68e-02
  16  7.883326e+01    1.27e-01    4.32e+00   7.63e+01   6.63e-01  1.56e+05        1    2.74e-03    2.96e-02
  17  7.871394e+01    1.19e-01    4.06e+00   7.70e+01   6.67e-01  1.62e+05        1    2.68e-03    3.23e-02
  18  7.860157e+01    1.12e-01    3.83e+00   7.80e+01   6.71e-01  1.69e+05        1    2.66e-03    3.50e-02
  19  7.849543e+01    1.06e-01    3.62e+00   7.91e+01   6.74e-01  1.76e+05        1    2.26e-03    3.72e-02
  20  7.839499e+01    1.00e-01    3.44e+00   8.03e+01   6.76e-01  1.84e+05        1    1.69e-03    3.89e-02
  21  7.829991e+01    9.51e-02    3.27e+00   8.15e+01   6.77e-01  1.92e+05        1    1.66e-03    4.06e-02
  22  7.820989e+01    9.00e-02    3.11e+00   8.28e+01   6.79e-01  2.02e+05        1    1.94e-03    4.25e-02
  23  7.812472e+01    8.52e-02    2.96e+00   8.40e+01   6.80e-01  2.12e+05        1    1.66e-03    4.42e-02
  24  7.804422e+01    8.05e-02    2.81e+00   8.53e+01   6.81e-01  2.22e+05        1    1.66e-03    4.59e-02
  25  7.796821e+01    7.60e-02    2.68e+00   8.66e+01   6.82e-01  2.34e+05        1    1.65e-03    4.75e-02
  26  7.789656e+01    7.17e-02    2.54e+00   8.78e+01   6.83e-01  2.46e+05        1    1.65e-03    4.92e-02
  27  7.782912e+01    6.74e-02    2.42e+00   8.91e+01   6.84e-01  2.59e+05        1    1.65e-03    5.08e-02
  28  7.776575e+01    6.34e-02    2.29e+00   9.03e+01   6.86e-01  2.73e+05        1    1.65e-03    5.25e-02
  29  7.770633e+01    5.94e-02    2.17e+00   9.14e+01   6.87e-01  2.88e+05        1    1.65e-03    5.41e-02
  30  7.765070e+01    5.56e-02    2.06e+00   9.25e+01   6.88e-01  3.04e+05        1    1.65e-03    5.58e-02
  31  7.759874e+01    5.20e-02    1.95e+00   9.36e+01   6.89e-01  3.21e+05        1    1.66e-03    5.75e-02
  32  7.755031e+01    4.84e-02    1.88e+00   9.45e+01   6.90e-01  3.39e+05        1    1.65e-03    5.91e-02
  33  7.750528e+01    4.50e-02    1.74e+00   9.55e+01   6.91e-01  3.59e+05        1    1.65e-03    6.08e-02
  34  7.746350e+01    4.18e-02    1.64e+00   9.63e+01   6.92e-01  3.81e+05        1    1.65e-03    6.24e-02
  35  7.742486e+01    3.86e-02    1.95e+00   9.71e+01   6.93e-01  4.05e+05        1    1.65e-03    6.41e-02
  36  7.738919e+01    3.57e-02    1.46e+00   9.77e+01   6.95e-01  4.30e+05        1    1.65e-03    6.57e-02
  37  7.735639e+01    3.28e-02    1.82e+00   9.83e+01   6.96e-01  4.58e+05        1    1.65e-03    6.74e-02
  38  7.732630e+01    3.01e-02    1.29e+00   9.87e+01   6.98e-01  4.88e+05        1    1.65e-03    6.90e-02
  39  7.729880e+01    2.75e-02    1.20e+00   9.90e+01   6.99e-01  5.21e+05        1    1.65e-03    7.07e-02
  40  7.727375e+01    2.50e-02    1.91e+00   9.92e+01   7.01e-01  5.57e+05        1    1.68e-03    7.24e-02
  41  7.725103e+01    2.27e-02    1.49e+00   9.92e+01   7.02e-01  5.96e+05        1    1.65e-03    7.40e-02
  42  7.723050e+01    2.05e-02    1.94e+00   9.91e+01   7.04e-01  6.40e+05        1    1.65e-03    7.57e-02
  43  7.721204e+01    1.85e-02    9.11e-01   9.88e+01   7.06e-01  6.88e+05        1    1.65e-03    7.73e-02
  44  7.719552e+01    1.65e-02    8.45e-01   9.83e+01   7.08e-01  7.42e+05        1    1.65e-03    7.90e-02
  45  7.718082e+01    1.47e-02    1.25e+00   9.76e+01   7.11e-01  8.02e+05        1    1.65e-03    8.07e-02
  46  7.716781e+01    1.30e-02    1.68e+00   9.67e+01   7.13e-01  8.69e+05        1    1.65e-03    8.23e-02
  47  7.715639e+01    1.14e-02    1.14e+00   9.55e+01   7.16e-01  9.45e+05        1    1.65e-03    8.40e-02
  48  7.714643e+01    9.96e-03    1.13e+00   9.41e+01   7.19e-01  1.03e+06        1    1.65e-03    8.56e-02
  49  7.713781e+01    8.61e-03    1.86e+00   9.24e+01   7.22e-01  1.13e+06        1    1.65e-03    8.73e-02
  50  7.713044e+01    7.38e-03    1.91e+00   9.05e+01   7.26e-01  1.25e+06        1    1.65e-03    8.89e-02
  51  7.712419e+01    6.25e-03    1.11e+00   8.82e+01   7.30e-01  1.38e+06        1    1.65e-03    9.06e-02
  52  7.711897e+01    5.22e-03    6.81e-01   8.55e+01   7.35e-01  1.54e+06        1    1.65e-03    9.22e-02
  53  7.711467e+01    4.30e-03    1.62e+00   8.25e+01   7.41e-01  1.73e+06        1    1.65e-03    9.39e-02
  54  7.711119e+01    3.48e-03    1.94e+00   7.90e+01   7.47e-01  1.97e+06        1    1.65e-03    9.56e-02
  55  7.710843e+01    2.76e-03    1.99e+00   7.51e+01   7.54e-01  2.27e+06        1    1.65e-03    9.72e-02
  56  7.710630e+01    2.13e-03    1.48e+00   7.07e+01   7.63e-01  2.66e+06        1    1.65e-03    9.89e-02
  57  7.710471e+01    1.59e-03    1.91e+00   6.58e+01   7.73e-01  3.17e+06        1    1.65e-03    1.01e-01
  58  7.710357e+01    1.14e-03    1.99e+00   6.03e+01   7.86e-01  3.90e+06        1    1.66e-03    1.02e-01
  59  7.710280e+01    7.70e-04    1.80e+00   5.41e+01   8.01e-01  4.99e+06        1    1.65e-03    1.04e-01
  60  7.710232e+01    4.82e-04    6.82e-01   4.71e+01   8.21e-01  6.80e+06        1    1.65e-03    1.05e-01
  61  7.710205e+01    2.69e-04    1.79e+00   3.92e+01   8.48e-01  1.02e+07        1    1.65e-03    1.07e-01
  62  7.710193e+01    1.25e-04    1.88e+00   3.03e+01   8.83e-01  1.86e+07        1    1.65e-03    1.09e-01
  63  7.710189e+01    4.21e-05    1.94e+00   2.02e+01   9.31e-01  5.15e+07        1    1.65e-03    1.10e-01
  64  7.710188e+01    7.41e-06    6.36e-01   9.72e+00   9.82e-01  1.55e+08        1    1.65e-03    1.12e-01
  65  7.710188e+01    3.17e-07    2.45e-01   1.92e+00   1.01e+00  4.64e+08        1    1.65e-03    1.14e-01
  66  7.710188e+01    1.92e-09    2.60e-03   1.58e-01   1.07e+00  1.39e+09        1    1.65e-03    1.15e-01


Bundle adjustment report
------------------------
    Residuals : 2486
   Parameters : 1523
   Iterations : 67
         Time : 0.115475 [s]
 Initial cost : 0.181432 [px]
   Final cost : 0.176109 [px]
  Termination : Convergence

  => Completed observations: 0
  => Merged observations: 0
  => Filtered observations: 257
  => Changed observations: 0.206758

==============================================================================
Global bundle adjustment
==============================================================================

iter      cost      cost_change  |gradient|   |step|    tr_ratio  tr_radius  ls_iter  iter_time  total_time
   0  5.743453e+01    0.00e+00    6.03e+00   0.00e+00   0.00e+00  1.00e+04        0    4.01e-04    9.69e-04
   1  5.448124e+01    2.95e+00    7.84e-01   1.96e+01   1.01e+00  3.00e+04        1    1.04e-03    2.02e-03
   2  5.441748e+01    6.38e-02    1.73e+00   5.21e+00   1.02e+00  9.00e+04        1    7.67e-04    2.79e-03
   3  5.440854e+01    8.94e-03    1.36e+00   5.38e+00   9.66e-01  2.70e+05        1    7.71e-04    3.57e-03
   4  5.440587e+01    2.67e-03    1.63e+00   8.65e+00   6.25e-01  2.74e+05        1    7.66e-04    4.34e-03
   5  5.440318e+01    2.69e-03    1.99e+00   7.62e+00   9.49e-01  8.23e+05        1    7.66e-04    5.11e-03
   6  5.440239e+01    7.82e-04    1.96e+00   1.29e+01   5.93e-01  8.28e+05        1    7.64e-04    5.88e-03
   7  5.440155e+01    8.41e-04    1.98e+00   6.87e+00   9.64e-01  2.48e+06        1    7.65e-04    6.65e-03
   8  5.440141e+01    1.42e-04    8.75e-01   5.66e+00   9.04e-01  5.24e+06        1    7.65e-04    7.42e-03
   9  5.440138e+01    2.85e-05    1.88e+00   1.81e+00   1.02e+00  1.57e+07        1    7.66e-04    8.19e-03
  10  5.440138e+01    7.71e-07    1.23e-01   3.53e-01   1.12e+00  4.72e+07        1    7.66e-04    8.97e-03
  11  5.440138e+01    2.88e-08    1.19e-02   4.51e-02   1.23e+00  1.42e+08        1    7.65e-04    9.74e-03


Bundle adjustment report
------------------------
    Residuals : 1160
   Parameters : 752
   Iterations : 12
         Time : 0.0097611 [s]
 Initial cost : 0.222514 [px]
   Final cost : 0.216559 [px]
  Termination : Convergence

  => Completed observations: 0
  => Merged observations: 0
  => Filtered observations: 0
  => Changed observations: 0.000000
  => Filtered images: 0

==============================================================================
Registering image #11 (4)
==============================================================================

  => Image sees 156 / 1221 points

Pose refinement report
----------------------
    Residuals : 308
   Parameters : 7
   Iterations : 10
         Time : 0.0014199 [s]
 Initial cost : 0.853074 [px]
   Final cost : 0.330682 [px]
  Termination : Convergence

  => Continued observations: 154
  => Added observations: 517

Bundle adjustment report
------------------------
    Residuals : 2502
   Parameters : 1353
   Iterations : 4
         Time : 0.0090608 [s]
 Initial cost : 0.247016 [px]
   Final cost : 0.209137 [px]
  Termination : Convergence

  => Merged observations: 0
  => Completed observations: 7
  => Filtered observations: 4
  => Changed observations: 0.008793

Bundle adjustment report
------------------------
    Residuals : 2502
   Parameters : 1353
   Iterations : 2
         Time : 0.0048524 [s]
 Initial cost : 0.244789 [px]
   Final cost : 0.236528 [px]
  Termination : Convergence

  => Merged observations: 0
  => Completed observations: 2
  => Filtered observations: 4
  => Changed observations: 0.004796

==============================================================================
Retriangulation
==============================================================================

  => Completed observations: 0
  => Merged observations: 0
  => Retriangulated observations: 0

==============================================================================
Global bundle adjustment
==============================================================================

iter      cost      cost_change  |gradient|   |step|    tr_ratio  tr_radius  ls_iter  iter_time  total_time
   0  1.459146e+02    0.00e+00    1.52e+01   0.00e+00   0.00e+00  1.00e+04        0    9.01e-04    2.12e-03
   1  1.439171e+02    2.00e+00    1.92e+00   8.25e+00   1.00e+00  3.00e+04        1    2.25e-03    4.38e-03
   2  1.438725e+02    4.45e-02    8.57e-01   9.28e+00   1.03e+00  9.00e+04        1    1.79e-03    6.18e-03
   3  1.438517e+02    2.09e-02    1.94e+00   2.11e+01   1.00e+00  2.70e+05        1    1.79e-03    7.97e-03
   4  1.438364e+02    1.53e-02    2.36e+00   5.28e+01   4.13e-01  2.69e+05        1    1.79e-03    9.77e-03
   5  1.438054e+02    3.09e-02    2.02e+00   4.54e+01   6.44e-01  2.75e+05        1    1.79e-03    1.16e-02
   6  1.437796e+02    2.58e-02    1.89e+00   4.05e+01   6.99e-01  2.94e+05        1    1.80e-03    1.34e-02
   7  1.437606e+02    1.90e-02    1.99e+00   3.76e+01   7.12e-01  3.18e+05        1    1.79e-03    1.52e-02
   8  1.437462e+02    1.45e-02    1.90e+00   3.49e+01   7.33e-01  3.54e+05        1    1.79e-03    1.70e-02
   9  1.437353e+02    1.09e-02    1.40e+00   3.28e+01   7.41e-01  3.98e+05        1    1.79e-03    1.88e-02
  10  1.437271e+02    8.25e-03    7.56e-01   3.07e+01   7.56e-01  4.60e+05        1    1.79e-03    2.06e-02
  11  1.437210e+02    6.08e-03    8.77e-01   2.86e+01   7.65e-01  5.41e+05        1    1.79e-03    2.24e-02
  12  1.437166e+02    4.39e-03    9.34e-01   2.63e+01   7.80e-01  6.56e+05        1    1.79e-03    2.41e-02
  13  1.437136e+02    2.99e-03    1.66e+00   2.38e+01   7.93e-01  8.23e+05        1    1.79e-03    2.59e-02
  14  1.437117e+02    1.92e-03    1.63e+00   2.08e+01   8.14e-01  1.09e+06        1    1.79e-03    2.77e-02
  15  1.437106e+02    1.10e-03    1.81e+00   1.76e+01   8.36e-01  1.57e+06        1    1.79e-03    2.95e-02
  16  1.437100e+02    5.39e-04    1.78e+00   1.39e+01   8.70e-01  2.64e+06        1    1.79e-03    3.13e-02
  17  1.437098e+02    1.98e-04    1.61e+00   9.72e+00   9.09e-01  5.84e+06        1    1.81e-03    3.32e-02
  18  1.437098e+02    4.27e-05    1.38e+00   5.18e+00   9.59e-01  1.75e+07        1    1.79e-03    3.49e-02
  19  1.437098e+02    2.90e-06    5.01e-01   1.39e+00   1.00e+00  5.26e+07        1    1.79e-03    3.67e-02
  20  1.437098e+02    3.43e-08    9.37e-03   1.11e-01   1.11e+00  1.58e+08        1    1.79e-03    3.85e-02


Bundle adjustment report
------------------------
    Residuals : 2484
   Parameters : 1341
   Iterations : 21
         Time : 0.0385831 [s]
 Initial cost : 0.242367 [px]
   Final cost : 0.240529 [px]
  Termination : Convergence

  => Completed observations: 0
  => Merged observations: 0
  => Filtered observations: 48
  => Changed observations: 0.038647

==============================================================================
Global bundle adjustment
==============================================================================

iter      cost      cost_change  |gradient|   |step|    tr_ratio  tr_radius  ls_iter  iter_time  total_time
   0  1.295788e+02    0.00e+00    8.62e+00   0.00e+00   0.00e+00  1.00e+04        0    8.37e-04    1.90e-03
   1  1.290347e+02    5.44e-01    1.80e+00   8.98e+00   9.97e-01  3.00e+04        1    2.08e-03    4.00e-03
   2  1.290324e+02    2.36e-03    8.15e-01   2.87e+00   1.01e+00  9.00e+04        1    1.58e-03    5.58e-03
   3  1.290319e+02    5.20e-04    1.38e+00   5.38e+00   9.91e-01  2.70e+05        1    1.57e-03    7.16e-03
   4  1.290309e+02    9.47e-04    1.71e+00   1.29e+01   9.43e-01  8.10e+05        1    1.58e-03    8.75e-03
   5  1.290301e+02    8.22e-04    1.87e+00   2.18e+01   6.83e-01  8.52e+05        1    1.57e-03    1.03e-02
   6  1.290294e+02    6.84e-04    1.98e+00   1.21e+01   9.50e-01  2.56e+06        1    1.57e-03    1.19e-02
   7  1.290293e+02    1.47e-04    1.81e+00   1.03e+01   8.77e-01  4.49e+06        1    1.57e-03    1.35e-02
   8  1.290292e+02    2.88e-05    1.72e+00   3.06e+00   1.00e+00  1.35e+07        1    1.57e-03    1.51e-02
   9  1.290292e+02    5.88e-07    1.14e-01   6.05e-01   1.06e+00  4.04e+07        1    1.59e-03    1.66e-02
  10  1.290292e+02    1.31e-08    5.90e-03   5.09e-02   1.17e+00  1.21e+08        1    1.57e-03    1.82e-02


Bundle adjustment report
------------------------
    Residuals : 2188
   Parameters : 1197
   Iterations : 11
         Time : 0.0182704 [s]
 Initial cost : 0.243357 [px]
   Final cost : 0.24284 [px]
  Termination : Convergence

  => Completed observations: 0
  => Merged observations: 0
  => Filtered observations: 0
  => Changed observations: 0.000000
  => Filtered images: 0

==============================================================================
Registering image #2 (5)
==============================================================================

  => Image sees 229 / 1472 points

Pose refinement report
----------------------
    Residuals : 456
   Parameters : 7
   Iterations : 6
         Time : 0.0013037 [s]
 Initial cost : 0.774488 [px]
   Final cost : 0.298054 [px]
  Termination : Convergence

  => Continued observations: 228
  => Added observations: 275

Bundle adjustment report
------------------------
    Residuals : 3194
   Parameters : 1510
   Iterations : 6
         Time : 0.0175566 [s]
 Initial cost : 0.285873 [px]
   Final cost : 0.266264 [px]
  Termination : Convergence

  => Merged observations: 0
  => Completed observations: 26
  => Filtered observations: 22
  => Changed observations: 0.030056

Bundle adjustment report
------------------------
    Residuals : 3096
   Parameters : 1480
   Iterations : 2
         Time : 0.0063851 [s]
 Initial cost : 0.28355 [px]
   Final cost : 0.267255 [px]
  Termination : Convergence

  => Merged observations: 0
  => Completed observations: 17
  => Filtered observations: 0
  => Changed observations: 0.010982

==============================================================================
Retriangulation
==============================================================================

  => Completed observations: 0
  => Merged observations: 0
  => Retriangulated observations: 0

==============================================================================
Global bundle adjustment
==============================================================================

iter      cost      cost_change  |gradient|   |step|    tr_ratio  tr_radius  ls_iter  iter_time  total_time
   0  2.312190e+02    0.00e+00    7.11e+00   0.00e+00   0.00e+00  1.00e+04        0    1.18e-03    2.73e-03
   1  2.278484e+02    3.37e+00    2.34e+00   2.27e+01   9.97e-01  3.00e+04        1    3.20e-03    5.94e-03
   2  2.274060e+02    4.42e-01    5.18e+00   3.60e+01   8.45e-01  4.46e+04        1    2.43e-03    8.38e-03
   3  2.270737e+02    3.32e-01    4.24e+00   3.25e+01   7.55e-01  5.14e+04        1    2.44e-03    1.08e-02
   4  2.268410e+02    2.33e-01    2.80e+00   2.80e+01   7.55e-01  5.93e+04        1    2.44e-03    1.33e-02
   5  2.267010e+02    1.40e-01    2.49e+00   3.08e+01   7.23e-01  6.50e+04        1    2.45e-03    1.57e-02
   6  2.266029e+02    9.80e-02    1.98e+00   3.48e+01   7.53e-01  7.47e+04        1    2.43e-03    1.82e-02
   7  2.265350e+02    6.80e-02    1.87e+00   4.00e+01   7.43e-01  8.44e+04        1    2.43e-03    2.06e-02
   8  2.264792e+02    5.58e-02    1.46e+00   4.33e+01   7.68e-01  9.98e+04        1    2.42e-03    2.30e-02
   9  2.264337e+02    4.55e-02    1.96e+00   4.71e+01   7.56e-01  1.15e+05        1    2.43e-03    2.55e-02
  10  2.263941e+02    3.95e-02    1.22e+00   4.83e+01   7.70e-01  1.37e+05        1    2.43e-03    2.79e-02
  11  2.263619e+02    3.22e-02    1.79e+00   4.91e+01   7.60e-01  1.59e+05        1    2.47e-03    3.04e-02
  12  2.263356e+02    2.63e-02    1.94e+00   4.75e+01   7.76e-01  1.91e+05        1    2.43e-03    3.28e-02
  13  2.263158e+02    1.98e-02    1.03e+00   4.56e+01   7.76e-01  2.30e+05        1    2.43e-03    3.53e-02
  14  2.263014e+02    1.44e-02    1.20e+00   4.19e+01   7.98e-01  2.92e+05        1    2.43e-03    3.77e-02
  15  2.262919e+02    9.49e-03    1.47e+00   3.80e+01   8.08e-01  3.80e+05        1    2.44e-03    4.01e-02
  16  2.262861e+02    5.80e-03    1.76e+00   3.25e+01   8.38e-01  5.51e+05        1    2.43e-03    4.26e-02
  17  2.262831e+02    2.97e-03    1.45e+00   2.67e+01   8.63e-01  8.92e+05        1    2.45e-03    4.50e-02
  18  2.262819e+02    1.22e-03    1.54e+00   1.92e+01   9.11e-01  2.01e+06        1    2.43e-03    4.75e-02
  19  2.262816e+02    3.08e-04    1.53e+00   1.14e+01   9.61e-01  6.04e+06        1    2.42e-03    4.99e-02
  20  2.262816e+02    3.01e-05    1.36e+00   3.67e+00   1.01e+00  1.81e+07        1    2.43e-03    5.23e-02
  21  2.262816e+02    4.46e-07    3.73e-02   4.67e-01   1.04e+00  5.44e+07        1    2.43e-03    5.48e-02


Bundle adjustment report
------------------------
    Residuals : 3130
   Parameters : 1495
   Iterations : 22
         Time : 0.0548113 [s]
 Initial cost : 0.271794 [px]
   Final cost : 0.268876 [px]
  Termination : Convergence

  => Completed observations: 0
  => Merged observations: 0
  => Filtered observations: 13
  => Changed observations: 0.008307

==============================================================================
Global bundle adjustment
==============================================================================

iter      cost      cost_change  |gradient|   |step|    tr_ratio  tr_radius  ls_iter  iter_time  total_time
   0  2.097170e+02    0.00e+00    5.44e+00   0.00e+00   0.00e+00  1.00e+04        0    1.15e-03    2.68e-03
   1  2.094587e+02    2.58e-01    1.95e+00   5.37e+00   1.00e+00  3.00e+04        1    3.18e-03    5.86e-03
   2  2.094529e+02    5.74e-03    2.00e+00   5.22e+00   9.96e-01  9.00e+04        1    2.36e-03    8.23e-03
   3  2.094468e+02    6.15e-03    1.39e+00   1.25e+01   9.36e-01  2.67e+05        1    2.36e-03    1.06e-02
   4  2.094416e+02    5.12e-03    1.36e+00   2.92e+01   6.11e-01  2.70e+05        1    2.36e-03    1.30e-02
   5  2.094351e+02    6.50e-03    1.97e+00   2.14e+01   9.23e-01  6.82e+05        1    2.36e-03    1.53e-02
   6  2.094328e+02    2.30e-03    1.88e+00   2.65e+01   6.82e-01  7.16e+05        1    2.37e-03    1.77e-02
   7  2.094311e+02    1.70e-03    1.94e+00   1.30e+01   9.67e-01  2.15e+06        1    2.36e-03    2.01e-02
   8  2.094309e+02    2.35e-04    9.17e-01   8.99e+00   9.47e-01  6.45e+06        1    2.36e-03    2.24e-02
   9  2.094309e+02    2.59e-05    9.32e-01   2.46e+00   1.01e+00  1.93e+07        1    2.35e-03    2.48e-02
  10  2.094309e+02    2.56e-07    2.11e-02   2.71e-01   1.04e+00  5.80e+07        1    2.36e-03    2.72e-02


Bundle adjustment report
------------------------
    Residuals : 3038
   Parameters : 1456
   Iterations : 11
         Time : 0.0272021 [s]
 Initial cost : 0.262738 [px]
   Final cost : 0.262559 [px]
  Termination : Convergence

  => Completed observations: 0
  => Merged observations: 0
  => Filtered observations: 0
  => Changed observations: 0.000000
  => Filtered images: 0

==============================================================================
Registering image #1 (6)
==============================================================================

  => Image sees 281 / 1367 points

Pose refinement report
----------------------
    Residuals : 478
   Parameters : 7
   Iterations : 7
         Time : 0.0015082 [s]
 Initial cost : 0.879985 [px]
   Final cost : 0.269451 [px]
  Termination : Convergence

  => Continued observations: 239
  => Added observations: 261

Bundle adjustment report
------------------------
    Residuals : 4038
   Parameters : 1697
   Iterations : 3
         Time : 0.0120089 [s]
 Initial cost : 0.294835 [px]
   Final cost : 0.277659 [px]
  Termination : Convergence

  => Merged observations: 0
  => Completed observations: 10
  => Filtered observations: 21
  => Changed observations: 0.015354

Bundle adjustment report
------------------------
    Residuals : 4000
   Parameters : 1679
   Iterations : 2
         Time : 0.0084199 [s]
 Initial cost : 0.269928 [px]
   Final cost : 0.259644 [px]
  Termination : Convergence

  => Merged observations: 0
  => Completed observations: 24
  => Filtered observations: 1
  => Changed observations: 0.012500

==============================================================================
Retriangulation
==============================================================================

  => Completed observations: 0
  => Merged observations: 0
  => Retriangulated observations: 0

==============================================================================
Global bundle adjustment
==============================================================================

iter      cost      cost_change  |gradient|   |step|    tr_ratio  tr_radius  ls_iter  iter_time  total_time
   0  2.934921e+02    0.00e+00    2.09e+01   0.00e+00   0.00e+00  1.00e+04        0    1.56e-03    3.59e-03
   1  2.892621e+02    4.23e+00    1.98e+00   3.43e+01   9.92e-01  3.00e+04        1    4.23e-03    7.83e-03
   2  2.890456e+02    2.17e-01    2.00e+00   2.19e+01   9.87e-01  9.00e+04        1    3.35e-03    1.12e-02
   3  2.889820e+02    6.35e-02    1.90e+00   1.70e+01   9.67e-01  2.70e+05        1    3.35e-03    1.45e-02
   4  2.889646e+02    1.74e-02    1.79e+00   1.44e+01   7.84e-01  3.31e+05        1    3.38e-03    1.79e-02
   5  2.889571e+02    7.50e-03    1.96e+00   1.22e+01   9.55e-01  9.92e+05        1    3.35e-03    2.13e-02
   6  2.889559e+02    1.22e-03    1.99e+00   1.35e+01   8.97e-01  1.99e+06        1    3.35e-03    2.47e-02
   7  2.889556e+02    2.55e-04    1.10e+00   5.42e+00   9.98e-01  5.97e+06        1    3.35e-03    2.80e-02
   8  2.889556e+02    7.08e-06    3.27e-01   1.23e+00   1.02e+00  1.79e+07        1    3.35e-03    3.14e-02
   9  2.889556e+02    6.54e-08    1.54e-02   1.12e-01   1.07e+00  5.37e+07        1    3.37e-03    3.47e-02


Bundle adjustment report
------------------------
    Residuals : 4042
   Parameters : 1694
   Iterations : 10
         Time : 0.0347892 [s]
 Initial cost : 0.269464 [px]
   Final cost : 0.267373 [px]
  Termination : Convergence

  => Completed observations: 0
  => Merged observations: 0
  => Filtered observations: 3
  => Changed observations: 0.001484

==============================================================================
Global bundle adjustment
==============================================================================

iter      cost      cost_change  |gradient|   |step|    tr_ratio  tr_radius  ls_iter  iter_time  total_time
   0  2.802426e+02    0.00e+00    5.92e+00   0.00e+00   0.00e+00  1.00e+04        0    1.55e-03    3.52e-03
   1  2.801033e+02    1.39e-01    1.84e+00   2.42e+00   1.00e+00  3.00e+04        1    4.19e-03    7.71e-03
   2  2.801005e+02    2.79e-03    1.98e+00   2.25e+00   1.00e+00  9.00e+04        1    3.36e-03    1.11e-02
   3  2.800981e+02    2.34e-03    1.34e+00   3.37e+00   9.96e-01  2.70e+05        1    3.33e-03    1.44e-02
   4  2.800969e+02    1.23e-03    2.00e+00   6.72e+00   9.63e-01  8.10e+05        1    3.32e-03    1.78e-02
   5  2.800964e+02    4.80e-04    1.97e+00   8.55e+00   9.52e-01  2.43e+06        1    3.32e-03    2.11e-02
   6  2.800963e+02    9.26e-05    2.00e+00   4.30e+00   1.00e+00  7.29e+06        1    3.31e-03    2.44e-02
   7  2.800963e+02    3.12e-06    1.53e-01   7.97e-01   1.03e+00  2.19e+07        1    3.32e-03    2.77e-02
   8  2.800963e+02    2.39e-08    8.92e-03   6.31e-02   1.08e+00  6.56e+07        1    3.31e-03    3.10e-02


Bundle adjustment report
------------------------
    Residuals : 4010
   Parameters : 1685
   Iterations : 9
         Time : 0.031094 [s]
 Initial cost : 0.264359 [px]
   Final cost : 0.26429 [px]
  Termination : Convergence

  => Completed observations: 0
  => Merged observations: 0
  => Filtered observations: 0
  => Changed observations: 0.000000
  => Filtered images: 0

==============================================================================
Registering image #8 (7)
==============================================================================

  => Image sees 202 / 1075 points

Pose refinement report
----------------------
    Residuals : 334
   Parameters : 7
   Iterations : 5
         Time : 0.0007974 [s]
 Initial cost : 0.863647 [px]
   Final cost : 0.314846 [px]
  Termination : Convergence

  => Continued observations: 167
  => Added observations: 508

Bundle adjustment report
------------------------
    Residuals : 5248
   Parameters : 2003
   Iterations : 2
         Time : 0.0094135 [s]
 Initial cost : 0.241846 [px]
   Final cost : 0.232819 [px]
  Termination : Convergence

  => Merged observations: 0
  => Completed observations: 102
  => Filtered observations: 5
  => Changed observations: 0.040777

Bundle adjustment report
------------------------
    Residuals : 5440
   Parameters : 2000
   Iterations : 2
         Time : 0.0099221 [s]
 Initial cost : 0.274156 [px]
   Final cost : 0.266141 [px]
  Termination : Convergence

  => Merged observations: 0
  => Completed observations: 0
  => Filtered observations: 0
  => Changed observations: 0.000000

==============================================================================
Retriangulation
==============================================================================

  => Completed observations: 0
  => Merged observations: 0
  => Retriangulated observations: 0

==============================================================================
Global bundle adjustment
==============================================================================

iter      cost      cost_change  |gradient|   |step|    tr_ratio  tr_radius  ls_iter  iter_time  total_time
   0  3.945915e+02    0.00e+00    3.38e+01   0.00e+00   0.00e+00  1.00e+04        0    2.17e-03    5.10e-03
   1  3.928620e+02    1.73e+00    1.92e+00   1.71e+01   9.98e-01  3.00e+04        1    5.83e-03    1.09e-02
   2  3.927625e+02    9.95e-02    1.91e+00   1.71e+01   1.01e+00  9.00e+04        1    4.83e-03    1.58e-02
   3  3.927402e+02    2.23e-02    1.98e+00   2.09e+01   1.00e+00  2.70e+05        1    4.82e-03    2.06e-02
   4  3.927303e+02    9.93e-03    1.84e+00   3.21e+01   9.82e-01  8.10e+05        1    4.83e-03    2.54e-02
   5  3.927260e+02    4.26e-03    1.85e+00   3.51e+01   7.73e-01  9.68e+05        1    4.84e-03    3.03e-02
   6  3.927240e+02    2.03e-03    1.90e+00   1.46e+01   9.79e-01  2.91e+06        1    4.82e-03    3.51e-02
   7  3.927238e+02    1.58e-04    7.03e-01   6.65e+00   9.91e-01  8.72e+06        1    4.89e-03    4.00e-02
   8  3.927238e+02    5.00e-06    2.16e-01   1.14e+00   1.01e+00  2.61e+07        1    4.86e-03    4.49e-02
   9  3.927238e+02    2.10e-08    7.13e-03   7.65e-02   1.05e+00  7.84e+07        1    4.83e-03    4.97e-02


Bundle adjustment report
------------------------
    Residuals : 5552
   Parameters : 2175
   Iterations : 10
         Time : 0.0497826 [s]
 Initial cost : 0.266593 [px]
   Final cost : 0.265962 [px]
  Termination : Convergence

  => Completed observations: 0
  => Merged observations: 0
  => Filtered observations: 4
  => Changed observations: 0.001441

==============================================================================
Global bundle adjustment
==============================================================================

iter      cost      cost_change  |gradient|   |step|    tr_ratio  tr_radius  ls_iter  iter_time  total_time
   0  3.890909e+02    0.00e+00    2.30e+00   0.00e+00   0.00e+00  1.00e+04        0    2.25e-03    5.23e-03
   1  3.890565e+02    3.44e-02    9.71e-01   1.15e+00   9.99e-01  3.00e+04        1    5.98e-03    1.12e-02
   2  3.890559e+02    6.71e-04    7.26e-01   1.01e+00   1.00e+00  9.00e+04        1    4.80e-03    1.60e-02
   3  3.890555e+02    3.35e-04    9.07e-01   1.09e+00   1.00e+00  2.70e+05        1    4.79e-03    2.08e-02
   4  3.890555e+02    5.73e-05    3.07e-01   6.68e-01   1.00e+00  8.10e+05        1    4.79e-03    2.56e-02
   5  3.890555e+02    2.33e-06    3.23e-02   2.97e-01   1.01e+00  2.43e+06        1    4.79e-03    3.04e-02


Bundle adjustment report
------------------------
    Residuals : 5508
   Parameters : 2163
   Iterations : 6
         Time : 0.0304984 [s]
 Initial cost : 0.265784 [px]
   Final cost : 0.265772 [px]
  Termination : Convergence

  => Completed observations: 0
  => Merged observations: 0
  => Filtered observations: 0
  => Changed observations: 0.000000
  => Filtered images: 0

==============================================================================
Registering image #5 (8)
==============================================================================

  => Image sees 243 / 944 points

Pose refinement report
----------------------
    Residuals : 398
   Parameters : 7
   Iterations : 5
         Time : 0.0009214 [s]
 Initial cost : 0.895432 [px]
   Final cost : 0.359621 [px]
  Termination : Convergence

  => Continued observations: 199
  => Added observations: 316

Bundle adjustment report
------------------------
    Residuals : 5634
   Parameters : 1406
   Iterations : 2
         Time : 0.0083281 [s]
 Initial cost : 0.267248 [px]
   Final cost : 0.253916 [px]
  Termination : Convergence

  => Merged observations: 11
  => Completed observations: 49
  => Filtered observations: 4
  => Changed observations: 0.022719

Bundle adjustment report
------------------------
    Residuals : 5726
   Parameters : 1403
   Iterations : 2
         Time : 0.00816 [s]
 Initial cost : 0.300339 [px]
   Final cost : 0.293388 [px]
  Termination : Convergence

  => Merged observations: 0
  => Completed observations: 1
  => Filtered observations: 0
  => Changed observations: 0.000349

==============================================================================
Retriangulation
==============================================================================

  => Completed observations: 0
  => Merged observations: 0
  => Retriangulated observations: 0

==============================================================================
Global bundle adjustment
==============================================================================

iter      cost      cost_change  |gradient|   |step|    tr_ratio  tr_radius  ls_iter  iter_time  total_time
   0  5.511125e+02    0.00e+00    3.47e+01   0.00e+00   0.00e+00  1.00e+04        0    2.64e-03    6.12e-03
   1  5.489807e+02    2.13e+00    1.99e+00   2.00e+01   1.00e+00  3.00e+04        1    7.49e-03    1.36e-02
   2  5.488459e+02    1.35e-01    1.99e+00   1.28e+01   9.86e-01  9.00e+04        1    6.00e-03    1.96e-02
   3  5.487856e+02    6.03e-02    2.00e+00   1.02e+01   9.58e-01  2.70e+05        1    6.01e-03    2.56e-02
   4  5.487718e+02    1.37e-02    8.80e-01   1.39e+01   8.37e-01  3.89e+05        1    5.99e-03    3.16e-02
   5  5.487660e+02    5.81e-03    9.44e-01   1.25e+01   9.59e-01  1.17e+06        1    6.01e-03    3.77e-02
   6  5.487646e+02    1.38e-03    1.99e+00   1.09e+01   9.41e-01  3.50e+06        1    6.02e-03    4.37e-02
   7  5.487644e+02    2.05e-04    1.02e+00   3.85e+00   1.00e+00  1.05e+07        1    6.01e-03    4.97e-02
   8  5.487644e+02    3.51e-06    1.16e-01   5.26e-01   1.03e+00  3.15e+07        1    6.01e-03    5.57e-02
   9  5.487644e+02    1.75e-08    6.12e-03   3.60e-02   1.08e+00  9.44e+07        1    6.00e-03    6.17e-02


Bundle adjustment report
------------------------
    Residuals : 6630
   Parameters : 2479
   Iterations : 10
         Time : 0.0618058 [s]
 Initial cost : 0.288312 [px]
   Final cost : 0.287698 [px]
  Termination : Convergence

  => Completed observations: 0
  => Merged observations: 0
  => Filtered observations: 0
  => Changed observations: 0.000000
  => Filtered images: 0

==============================================================================
Registering image #14 (9)
==============================================================================

  => Image sees 236 / 874 points

Pose refinement report
----------------------
    Residuals : 420
   Parameters : 7
   Iterations : 9
         Time : 0.0016943 [s]
 Initial cost : 0.820805 [px]
   Final cost : 0.382804 [px]
  Termination : Convergence

  => Continued observations: 210
  => Added observations: 196

Bundle adjustment report
------------------------
    Residuals : 6130
   Parameters : 1289
   Iterations : 8
         Time : 0.0313273 [s]
 Initial cost : 0.301785 [px]
   Final cost : 0.290108 [px]
  Termination : Convergence

  => Merged observations: 0
  => Completed observations: 29
  => Filtered observations: 6
  => Changed observations: 0.011419

Bundle adjustment report
------------------------
    Residuals : 6094
   Parameters : 1211
   Iterations : 2
         Time : 0.0083735 [s]
 Initial cost : 0.317683 [px]
   Final cost : 0.312186 [px]
  Termination : Convergence

  => Merged observations: 0
  => Completed observations: 13
  => Filtered observations: 0
  => Changed observations: 0.004266

==============================================================================
Retriangulation
==============================================================================

  => Completed observations: 0
  => Merged observations: 0
  => Retriangulated observations: 0

==============================================================================
Global bundle adjustment
==============================================================================

iter      cost      cost_change  |gradient|   |step|    tr_ratio  tr_radius  ls_iter  iter_time  total_time
   0  6.994758e+02    0.00e+00    4.32e+01   0.00e+00   0.00e+00  1.00e+04        0    3.00e-03    6.89e-03
   1  6.923675e+02    7.11e+00    1.99e+00   2.10e+01   9.99e-01  3.00e+04        1    8.59e-03    1.55e-02
   2  6.923029e+02    6.46e-02    1.99e+00   6.61e+00   1.00e+00  9.00e+04        1    7.03e-03    2.25e-02
   3  6.922826e+02    2.03e-02    1.99e+00   9.48e+00   9.49e-01  2.70e+05        1    7.04e-03    2.96e-02
   4  6.922696e+02    1.30e-02    1.94e+00   1.90e+01   8.25e-01  3.72e+05        1    7.06e-03    3.66e-02
   5  6.922616e+02    8.01e-03    1.51e+00   1.44e+01   9.50e-01  1.12e+06        1    7.04e-03    4.37e-02
   6  6.922593e+02    2.28e-03    1.90e+00   1.18e+01   9.38e-01  3.35e+06        1    7.02e-03    5.07e-02
   7  6.922590e+02    3.24e-04    6.72e-01   3.98e+00   1.00e+00  1.01e+07        1    7.02e-03    5.77e-02
   8  6.922590e+02    4.70e-06    1.34e-01   5.10e-01   1.02e+00  3.02e+07        1    7.19e-03    6.49e-02
   9  6.922590e+02    1.82e-08    6.42e-03   3.11e-02   1.07e+00  9.05e+07        1    7.07e-03    7.20e-02


Bundle adjustment report
------------------------
    Residuals : 7504
   Parameters : 2663
   Iterations : 10
         Time : 0.0721207 [s]
 Initial cost : 0.305309 [px]
   Final cost : 0.30373 [px]
  Termination : Convergence

  => Completed observations: 0
  => Merged observations: 0
  => Filtered observations: 2
  => Changed observations: 0.000533

==============================================================================
Global bundle adjustment
==============================================================================

iter      cost      cost_change  |gradient|   |step|    tr_ratio  tr_radius  ls_iter  iter_time  total_time
   0  6.881722e+02    0.00e+00    3.18e+00   0.00e+00   0.00e+00  1.00e+04        0    3.02e-03    6.79e-03
   1  6.881514e+02    2.07e-02    3.43e-01   4.13e-01   9.99e-01  3.00e+04        1    8.86e-03    1.57e-02
   2  6.881512e+02    2.01e-04    2.33e-01   8.03e-01   1.00e+00  9.00e+04        1    7.09e-03    2.28e-02
   3  6.881509e+02    3.89e-04    1.40e+00   1.90e+00   1.00e+00  2.70e+05        1    7.08e-03    2.99e-02
   4  6.881504e+02    5.02e-04    9.03e-01   3.38e+00   9.98e-01  8.10e+05        1    7.01e-03    3.69e-02
   5  6.881501e+02    2.56e-04    7.89e-01   3.40e+00   9.97e-01  2.43e+06        1    6.97e-03    4.39e-02
   6  6.881501e+02    3.48e-05    8.85e-01   1.49e+00   1.01e+00  7.29e+06        1    6.99e-03    5.09e-02
   7  6.881501e+02    9.13e-07    4.91e-02   2.49e-01   1.03e+00  2.19e+07        1    6.99e-03    5.78e-02


Bundle adjustment report
------------------------
    Residuals : 7482
   Parameters : 2657
   Iterations : 8
         Time : 0.0579355 [s]
 Initial cost : 0.303277 [px]
   Final cost : 0.303272 [px]
  Termination : Convergence

  => Completed observations: 0
  => Merged observations: 0
  => Filtered observations: 0
  => Changed observations: 0.000000
  => Filtered images: 0

==============================================================================
Registering image #4 (10)
==============================================================================

  => Image sees 201 / 572 points

Pose refinement report
----------------------
    Residuals : 316
   Parameters : 7
   Iterations : 8
         Time : 0.0012167 [s]
 Initial cost : 0.915784 [px]
   Final cost : 0.43098 [px]
  Termination : Convergence

  => Continued observations: 156
  => Added observations: 204

Bundle adjustment report
------------------------
    Residuals : 6312
   Parameters : 1313
   Iterations : 5
         Time : 0.0199104 [s]
 Initial cost : 0.310537 [px]
   Final cost : 0.300355 [px]
  Termination : Convergence

  => Merged observations: 11
  => Completed observations: 22
  => Filtered observations: 13
  => Changed observations: 0.014575

Bundle adjustment report
------------------------
    Residuals : 6330
   Parameters : 1298
   Iterations : 2
         Time : 0.0084768 [s]
 Initial cost : 0.33783 [px]
   Final cost : 0.329228 [px]
  Termination : Convergence

  => Merged observations: 0
  => Completed observations: 5
  => Filtered observations: 0
  => Changed observations: 0.001580

==============================================================================
Retriangulation
==============================================================================

  => Completed observations: 0
  => Merged observations: 0
  => Retriangulated observations: 0

==============================================================================
Global bundle adjustment
==============================================================================

iter      cost      cost_change  |gradient|   |step|    tr_ratio  tr_radius  ls_iter  iter_time  total_time
   0  8.720960e+02    0.00e+00    1.16e+02   0.00e+00   0.00e+00  1.00e+04        0    3.34e-03    7.66e-03
   1  8.696159e+02    2.48e+00    2.00e+00   4.95e+00   1.00e+00  3.00e+04        1    9.56e-03    1.72e-02
   2  8.695884e+02    2.76e-02    1.78e+00   5.42e+00   1.01e+00  9.00e+04        1    7.93e-03    2.52e-02
   3  8.695751e+02    1.33e-02    1.95e+00   8.66e+00   9.96e-01  2.70e+05        1    7.87e-03    3.31e-02
   4  8.695684e+02    6.64e-03    1.73e+00   1.17e+01   9.95e-01  8.10e+05        1    7.88e-03    4.09e-02
   5  8.695659e+02    2.52e-03    1.98e+00   1.04e+01   9.49e-01  2.43e+06        1    7.87e-03    4.88e-02
   6  8.695655e+02    4.35e-04    1.94e+00   4.15e+00   9.97e-01  7.29e+06        1    7.89e-03    5.67e-02
   7  8.695655e+02    1.15e-05    3.05e-01   6.42e-01   1.02e+00  2.19e+07        1    7.89e-03    6.46e-02


Bundle adjustment report
------------------------
    Residuals : 8226
   Parameters : 2847
   Iterations : 8
         Time : 0.0647156 [s]
 Initial cost : 0.325603 [px]
   Final cost : 0.32513 [px]
  Termination : Convergence

  => Completed observations: 0
  => Merged observations: 0
  => Filtered observations: 0
  => Changed observations: 0.000000
  => Filtered images: 0

==============================================================================
Registering image #15 (11)
==============================================================================

  => Image sees 194 / 631 points

Pose refinement report
----------------------
    Residuals : 292
   Parameters : 7
   Iterations : 9
         Time : 0.0012227 [s]
 Initial cost : 0.991429 [px]
   Final cost : 0.421702 [px]
  Termination : Convergence

  => Continued observations: 146
  => Added observations: 200

Bundle adjustment report
------------------------
    Residuals : 6096
   Parameters : 983
   Iterations : 3
         Time : 0.0110466 [s]
 Initial cost : 0.320593 [px]
   Final cost : 0.314587 [px]
  Termination : Convergence

  => Merged observations: 29
  => Completed observations: 22
  => Filtered observations: 20
  => Changed observations: 0.023294

Bundle adjustment report
------------------------
    Residuals : 6086
   Parameters : 959
   Iterations : 2
         Time : 0.0071395 [s]
 Initial cost : 0.359384 [px]
   Final cost : 0.353077 [px]
  Termination : Convergence

  => Merged observations: 19
  => Completed observations: 15
  => Filtered observations: 2
  => Changed observations: 0.011830

==============================================================================
Retriangulation
==============================================================================

  => Completed observations: 0
  => Merged observations: 0
  => Retriangulated observations: 0

==============================================================================
Global bundle adjustment
==============================================================================

iter      cost      cost_change  |gradient|   |step|    tr_ratio  tr_radius  ls_iter  iter_time  total_time
   0  1.174796e+03    0.00e+00    5.58e+01   0.00e+00   0.00e+00  1.00e+04        0    3.63e-03    8.21e-03
   1  1.168205e+03    6.59e+00    1.55e+00   3.05e+01   9.96e-01  3.00e+04        1    1.06e-02    1.88e-02
   2  1.168100e+03    1.05e-01    2.00e+00   1.23e+01   9.99e-01  9.00e+04        1    8.71e-03    2.75e-02
   3  1.168017e+03    8.28e-02    1.99e+00   2.66e+01   9.02e-01  1.88e+05        1    8.72e-03    3.62e-02
   4  1.167944e+03    7.33e-02    3.07e+00   3.59e+01   7.35e-01  2.10e+05        1    8.73e-03    4.50e-02
   5  1.167882e+03    6.16e-02    1.58e+00   2.46e+01   9.12e-01  4.77e+05        1    8.73e-03    5.37e-02
   6  1.167860e+03    2.22e-02    1.95e+00   2.33e+01   8.13e-01  6.32e+05        1    8.75e-03    6.25e-02
   7  1.167851e+03    9.08e-03    1.77e+00   1.08e+01   9.76e-01  1.90e+06        1    8.72e-03    7.12e-02
   8  1.167850e+03    8.33e-04    1.64e+00   5.02e+00   9.95e-01  5.69e+06        1    8.71e-03    7.99e-02
   9  1.167850e+03    2.99e-05    5.40e-01   9.05e-01   1.02e+00  1.71e+07        1    8.71e-03    8.86e-02


Bundle adjustment report
------------------------
    Residuals : 8922
   Parameters : 3004
   Iterations : 10
         Time : 0.0887304 [s]
 Initial cost : 0.362869 [px]
   Final cost : 0.361795 [px]
  Termination : Convergence

  => Completed observations: 0
  => Merged observations: 0
  => Filtered observations: 4
  => Changed observations: 0.000897

==============================================================================
Global bundle adjustment
==============================================================================

iter      cost      cost_change  |gradient|   |step|    tr_ratio  tr_radius  ls_iter  iter_time  total_time
   0  1.143360e+03    0.00e+00    1.25e+01   0.00e+00   0.00e+00  1.00e+04        0    3.58e-03    8.27e-03
   1  1.143052e+03    3.08e-01    1.84e+00   2.27e+00   1.00e+00  3.00e+04        1    1.05e-02    1.87e-02
   2  1.143049e+03    3.18e-03    1.99e+00   1.82e+00   1.00e+00  9.00e+04        1    8.80e-03    2.75e-02
   3  1.143047e+03    2.14e-03    1.78e+00   3.62e+00   9.99e-01  2.70e+05        1    8.96e-03    3.65e-02
   4  1.143045e+03    2.03e-03    2.00e+00   6.40e+00   9.88e-01  8.10e+05        1    9.13e-03    4.57e-02
   5  1.143044e+03    8.68e-04    1.91e+00   5.84e+00   9.90e-01  2.43e+06        1    9.12e-03    5.48e-02
   6  1.143044e+03    1.02e-04    1.95e+00   2.22e+00   1.01e+00  7.29e+06        1    8.84e-03    6.37e-02
   7  1.143044e+03    2.11e-06    7.49e-02   3.26e-01   1.03e+00  2.19e+07        1    9.06e-03    7.27e-02


Bundle adjustment report
------------------------
    Residuals : 8896
   Parameters : 2995
   Iterations : 8
         Time : 0.0728264 [s]
 Initial cost : 0.358504 [px]
   Final cost : 0.358455 [px]
  Termination : Convergence

  => Completed observations: 0
  => Merged observations: 0
  => Filtered observations: 0
  => Changed observations: 0.000000
  => Filtered images: 0

==============================================================================
Registering image #9 (12)
==============================================================================

  => Image sees 160 / 450 points

Pose refinement report
----------------------
    Residuals : 254
   Parameters : 7
   Iterations : 10
         Time : 0.0012332 [s]
 Initial cost : 0.940236 [px]
   Final cost : 0.48812 [px]
  Termination : Convergence

  => Continued observations: 124
  => Added observations: 146

Bundle adjustment report
------------------------
    Residuals : 6132
   Parameters : 731
   Iterations : 5
         Time : 0.0168493 [s]
 Initial cost : 0.354666 [px]
   Final cost : 0.34379 [px]
  Termination : Convergence

  => Merged observations: 15
  => Completed observations: 20
  => Filtered observations: 18
  => Changed observations: 0.017286

Bundle adjustment report
------------------------
    Residuals : 6126
   Parameters : 719
   Iterations : 2
         Time : 0.0068133 [s]
 Initial cost : 0.399607 [px]
   Final cost : 0.391141 [px]
  Termination : Convergence

  => Merged observations: 0
  => Completed observations: 11
  => Filtered observations: 0
  => Changed observations: 0.003591

==============================================================================
Registering image #6 (13)
==============================================================================

  => Image sees 163 / 505 points

Pose refinement report
----------------------
    Residuals : 272
   Parameters : 7
   Iterations : 4
         Time : 0.0005545 [s]
 Initial cost : 0.896263 [px]
   Final cost : 0.482531 [px]
  Termination : Convergence

  => Continued observations: 135
  => Added observations: 101

Bundle adjustment report
------------------------
    Residuals : 5806
   Parameters : 716
   Iterations : 4
         Time : 0.0126455 [s]
 Initial cost : 0.385359 [px]
   Final cost : 0.375668 [px]
  Termination : Convergence

  => Merged observations: 0
  => Completed observations: 15
  => Filtered observations: 27
  => Changed observations: 0.014468

Bundle adjustment report
------------------------
    Residuals : 6008
   Parameters : 794
   Iterations : 2
         Time : 0.0066772 [s]
 Initial cost : 0.421248 [px]
   Final cost : 0.416157 [px]
  Termination : Convergence

  => Merged observations: 0
  => Completed observations: 11
  => Filtered observations: 0
  => Changed observations: 0.003662

==============================================================================
Retriangulation
==============================================================================

  => Completed observations: 5
  => Merged observations: 0
  => Retriangulated observations: 0

==============================================================================
Global bundle adjustment
==============================================================================

iter      cost      cost_change  |gradient|   |step|    tr_ratio  tr_radius  ls_iter  iter_time  total_time
   0  1.618469e+03    0.00e+00    6.13e+01   0.00e+00   0.00e+00  1.00e+04        0    4.05e-03    9.14e-03
   1  1.607277e+03    1.12e+01    1.98e+00   2.74e+01   1.00e+00  3.00e+04        1    1.19e-02    2.10e-02
   2  1.606980e+03    2.96e-01    2.03e+00   1.38e+01   9.91e-01  9.00e+04        1    1.04e-02    3.14e-02
   3  1.606873e+03    1.07e-01    2.00e+00   1.08e+01   9.70e-01  2.70e+05        1    1.02e-02    4.16e-02
   4  1.606856e+03    1.69e-02    1.98e+00   8.87e+00   9.40e-01  8.10e+05        1    1.02e-02    5.18e-02
   5  1.606853e+03    3.61e-03    2.00e+00   9.52e+00   9.68e-01  2.43e+06        1    1.04e-02    6.22e-02
   6  1.606852e+03    4.34e-04    2.00e+00   3.96e+00   1.01e+00  7.29e+06        1    1.02e-02    7.24e-02
   7  1.606852e+03    9.56e-06    3.77e-01   6.25e-01   1.03e+00  2.19e+07        1    1.05e-02    8.28e-02


Bundle adjustment report
------------------------
    Residuals : 9918
   Parameters : 3171
   Iterations : 8
         Time : 0.0829515 [s]
 Initial cost : 0.403962 [px]
   Final cost : 0.402509 [px]
  Termination : Convergence

  => Completed observations: 0
  => Merged observations: 0
  => Filtered observations: 1
  => Changed observations: 0.000202
  => Filtered images: 0

==============================================================================
Registering image #29 (14)
==============================================================================

  => Image sees 177 / 696 points

Pose refinement report
----------------------
    Residuals : 314
   Parameters : 7
   Iterations : 7
         Time : 0.0010308 [s]
 Initial cost : 0.831313 [px]
   Final cost : 0.423979 [px]
  Termination : Convergence

  => Continued observations: 157
  => Added observations: 94

Bundle adjustment report
------------------------
    Residuals : 6448
   Parameters : 791
   Iterations : 5
         Time : 0.0170576 [s]
 Initial cost : 0.345978 [px]
   Final cost : 0.335045 [px]
  Termination : Convergence

  => Merged observations: 0
  => Completed observations: 22
  => Filtered observations: 14
  => Changed observations: 0.011166

Bundle adjustment report
------------------------
    Residuals : 6436
   Parameters : 785
   Iterations : 2
         Time : 0.0072118 [s]
 Initial cost : 0.399249 [px]
   Final cost : 0.390061 [px]
  Termination : Convergence

  => Merged observations: 0
  => Completed observations: 8
  => Filtered observations: 0
  => Changed observations: 0.002486

==============================================================================
Registering image #18 (15)
==============================================================================

  => Image sees 165 / 531 points

Pose refinement report
----------------------
    Residuals : 294
   Parameters : 7
   Iterations : 7
         Time : 0.0009772 [s]
 Initial cost : 0.882373 [px]
   Final cost : 0.499377 [px]
  Termination : Convergence

  => Continued observations: 141
  => Added observations: 126

Bundle adjustment report
------------------------
    Residuals : 4886
   Parameters : 686
   Iterations : 4
         Time : 0.010686 [s]
 Initial cost : 0.415496 [px]
   Final cost : 0.406208 [px]
  Termination : Convergence

  => Merged observations: 22
  => Completed observations: 16
  => Filtered observations: 20
  => Changed observations: 0.023741

Bundle adjustment report
------------------------
    Residuals : 4880
   Parameters : 677
   Iterations : 2
         Time : 0.0053692 [s]
 Initial cost : 0.4828 [px]
   Final cost : 0.475626 [px]
  Termination : Convergence

  => Merged observations: 0
  => Completed observations: 8
  => Filtered observations: 0
  => Changed observations: 0.003279

==============================================================================
Retriangulation
==============================================================================

  => Completed observations: 3
  => Merged observations: 0
  => Retriangulated observations: 0

==============================================================================
Global bundle adjustment
==============================================================================

iter      cost      cost_change  |gradient|   |step|    tr_ratio  tr_radius  ls_iter  iter_time  total_time
   0  1.960870e+03    0.00e+00    9.71e+01   0.00e+00   0.00e+00  1.00e+04        0    4.51e-03    1.01e-02
   1  1.945901e+03    1.50e+01    1.77e+00   1.73e+01   9.97e-01  3.00e+04        1    1.48e-02    2.49e-02
   2  1.945779e+03    1.22e-01    1.95e+00   1.09e+01   9.97e-01  9.00e+04        1    1.18e-02    3.67e-02
   3  1.945741e+03    3.80e-02    2.00e+00   1.39e+01   9.91e-01  2.70e+05        1    1.17e-02    4.84e-02
   4  1.945726e+03    1.49e-02    2.00e+00   1.75e+01   9.89e-01  8.10e+05        1    1.17e-02    6.01e-02
   5  1.945721e+03    5.24e-03    1.94e+00   1.48e+01   9.31e-01  2.26e+06        1    1.18e-02    7.19e-02
   6  1.945720e+03    9.62e-04    1.75e+00   5.49e+00   9.99e-01  6.77e+06        1    1.20e-02    8.39e-02
   7  1.945720e+03    2.26e-05    4.55e-01   8.61e-01   1.02e+00  2.03e+07        1    1.21e-02    9.60e-02


Bundle adjustment report
------------------------
    Residuals : 10968
   Parameters : 3389
   Iterations : 8
         Time : 0.0961463 [s]
 Initial cost : 0.422825 [px]
   Final cost : 0.421188 [px]
  Termination : Convergence

  => Completed observations: 0
  => Merged observations: 0
  => Filtered observations: 0
  => Changed observations: 0.000000
  => Filtered images: 0

==============================================================================
Registering image #28 (16)
==============================================================================

  => Image sees 176 / 663 points

Pose refinement report
----------------------
    Residuals : 332
   Parameters : 7
   Iterations : 9
         Time : 0.001379 [s]
 Initial cost : 0.926356 [px]
   Final cost : 0.491771 [px]
  Termination : Convergence

  => Continued observations: 160
  => Added observations: 168

Bundle adjustment report
------------------------
    Residuals : 6814
   Parameters : 794
   Iterations : 7
         Time : 0.0242818 [s]
 Initial cost : 0.369906 [px]
   Final cost : 0.359072 [px]
  Termination : Convergence

  => Merged observations: 17
  => Completed observations: 39
  => Filtered observations: 20
  => Changed observations: 0.022307

Bundle adjustment report
------------------------
    Residuals : 6818
   Parameters : 779
   Iterations : 2
         Time : 0.00718 [s]
 Initial cost : 0.428729 [px]
   Final cost : 0.419269 [px]
  Termination : Convergence

  => Merged observations: 0
  => Completed observations: 9
  => Filtered observations: 1
  => Changed observations: 0.002933

==============================================================================
Registering image #26 (17)
==============================================================================

  => Image sees 204 / 753 points

Pose refinement report
----------------------
    Residuals : 372
   Parameters : 7
   Iterations : 6
         Time : 0.0010698 [s]
 Initial cost : 0.726902 [px]
   Final cost : 0.444185 [px]
  Termination : Convergence

  => Continued observations: 183
  => Added observations: 219

Bundle adjustment report
------------------------
    Residuals : 6260
   Parameters : 908
   Iterations : 3
         Time : 0.0103723 [s]
 Initial cost : 0.393705 [px]
   Final cost : 0.381916 [px]
  Termination : Convergence

  => Merged observations: 8
  => Completed observations: 32
  => Filtered observations: 22
  => Changed observations: 0.019808

Bundle adjustment report
------------------------
    Residuals : 6286
   Parameters : 905
   Iterations : 2
         Time : 0.0069753 [s]
 Initial cost : 0.447285 [px]
   Final cost : 0.439287 [px]
  Termination : Convergence

  => Merged observations: 0
  => Completed observations: 12
  => Filtered observations: 2
  => Changed observations: 0.004454

==============================================================================
Retriangulation
==============================================================================

  => Completed observations: 3
  => Merged observations: 0
  => Retriangulated observations: 0

==============================================================================
Global bundle adjustment
==============================================================================

iter      cost      cost_change  |gradient|   |step|    tr_ratio  tr_radius  ls_iter  iter_time  total_time
   0  2.435615e+03    0.00e+00    1.24e+02   0.00e+00   0.00e+00  1.00e+04        0    5.16e-03    1.15e-02
   1  2.413408e+03    2.22e+01    2.04e+00   2.18e+01   1.00e+00  3.00e+04        1    1.68e-02    2.84e-02
   2  2.413326e+03    8.18e-02    2.00e+00   5.89e+00   1.00e+00  9.00e+04        1    1.37e-02    4.21e-02
   3  2.413301e+03    2.53e-02    1.88e+00   1.19e+01   9.88e-01  2.70e+05        1    1.38e-02    5.59e-02
   4  2.413277e+03    2.36e-02    1.99e+00   1.94e+01   9.24e-01  6.89e+05        1    1.38e-02    6.97e-02
   5  2.413267e+03    1.05e-02    2.00e+00   1.52e+01   9.38e-01  2.07e+06        1    1.38e-02    8.36e-02
   6  2.413265e+03    1.75e-03    2.00e+00   5.92e+00   9.99e-01  6.20e+06        1    1.36e-02    9.72e-02
   7  2.413265e+03    4.08e-05    4.90e-01   9.03e-01   1.02e+00  1.86e+07        1    1.36e-02    1.11e-01


Bundle adjustment report
------------------------
    Residuals : 12472
   Parameters : 3781
   Iterations : 8
         Time : 0.111002 [s]
 Initial cost : 0.441912 [px]
   Final cost : 0.43988 [px]
  Termination : Convergence

  => Completed observations: 1
  => Merged observations: 0
  => Filtered observations: 0
  => Changed observations: 0.000160
  => Filtered images: 0

==============================================================================
Registering image #27 (18)
==============================================================================

  => Image sees 156 / 450 points

Pose refinement report
----------------------
    Residuals : 260
   Parameters : 7
   Iterations : 8
         Time : 0.0010002 [s]
 Initial cost : 0.921375 [px]
   Final cost : 0.546642 [px]
  Termination : Convergence

  => Continued observations: 126
  => Added observations: 172

Bundle adjustment report
------------------------
    Residuals : 5212
   Parameters : 707
   Iterations : 6
         Time : 0.016015 [s]
 Initial cost : 0.431003 [px]
   Final cost : 0.407248 [px]
  Termination : Convergence

  => Merged observations: 30
  => Completed observations: 29
  => Filtered observations: 20
  => Changed observations: 0.030315

Bundle adjustment report
------------------------
    Residuals : 4792
   Parameters : 686
   Iterations : 2
         Time : 0.0053497 [s]
 Initial cost : 0.508054 [px]
   Final cost : 0.497423 [px]
  Termination : Convergence

  => Merged observations: 7
  => Completed observations: 11
  => Filtered observations: 1
  => Changed observations: 0.007930

==============================================================================
Registering image #25 (19)
==============================================================================

  => Image sees 174 / 454 points

Pose refinement report
----------------------
    Residuals : 300
   Parameters : 7
   Iterations : 8
         Time : 0.0011456 [s]
 Initial cost : 0.788331 [px]
   Final cost : 0.503107 [px]
  Termination : Convergence

  => Continued observations: 147
  => Added observations: 101

Bundle adjustment report
------------------------
    Residuals : 4660
   Parameters : 683
   Iterations : 4
         Time : 0.0102682 [s]
 Initial cost : 0.434085 [px]
   Final cost : 0.420331 [px]
  Termination : Convergence

  => Merged observations: 25
  => Completed observations: 11
  => Filtered observations: 15
  => Changed observations: 0.021888

Bundle adjustment report
------------------------
    Residuals : 5190
   Parameters : 611
   Iterations : 2
         Time : 0.0052374 [s]
 Initial cost : 0.475923 [px]
   Final cost : 0.469512 [px]
  Termination : Convergence

  => Merged observations: 19
  => Completed observations: 12
  => Filtered observations: 1
  => Changed observations: 0.012331

==============================================================================
Retriangulation
==============================================================================

  => Completed observations: 2
  => Merged observations: 0
  => Retriangulated observations: 0

==============================================================================
Global bundle adjustment
==============================================================================

iter      cost      cost_change  |gradient|   |step|    tr_ratio  tr_radius  ls_iter  iter_time  total_time
   0  2.935941e+03    0.00e+00    1.05e+02   0.00e+00   0.00e+00  1.00e+04        0    5.59e-03    1.27e-02
   1  2.915712e+03    2.02e+01    1.98e+00   1.38e+01   9.99e-01  3.00e+04        1    1.81e-02    3.08e-02
   2  2.915635e+03    7.75e-02    2.00e+00   5.68e+00   1.00e+00  9.00e+04        1    1.52e-02    4.61e-02
   3  2.915611e+03    2.40e-02    1.93e+00   9.46e+00   9.83e-01  2.70e+05        1    1.52e-02    6.13e-02
   4  2.915592e+03    1.90e-02    2.00e+00   1.46e+01   9.50e-01  8.10e+05        1    1.51e-02    7.64e-02
   5  2.915585e+03    6.93e-03    2.00e+00   1.12e+01   9.69e-01  2.43e+06        1    1.53e-02    9.17e-02
   6  2.915584e+03    7.19e-04    1.99e+00   3.48e+00   1.01e+00  7.29e+06        1    1.55e-02    1.07e-01
   7  2.915584e+03    9.18e-06    1.46e-01   4.22e-01   1.03e+00  2.19e+07        1    1.57e-02    1.23e-01


Bundle adjustment report
------------------------
    Residuals : 13556
   Parameters : 4023
   Iterations : 8
         Time : 0.123079 [s]
 Initial cost : 0.46538 [px]
   Final cost : 0.463764 [px]
  Termination : Convergence

  => Completed observations: 2
  => Merged observations: 0
  => Filtered observations: 1
  => Changed observations: 0.000443
  => Filtered images: 0

==============================================================================
Registering image #21 (20)
==============================================================================

  => Image sees 171 / 473 points

Pose refinement report
----------------------
    Residuals : 298
   Parameters : 7
   Iterations : 9
         Time : 0.0012737 [s]
 Initial cost : 0.932098 [px]
   Final cost : 0.55927 [px]
  Termination : Convergence

  => Continued observations: 137
  => Added observations: 130

Bundle adjustment report
------------------------
    Residuals : 6194
   Parameters : 689
   Iterations : 5
         Time : 0.0156423 [s]
 Initial cost : 0.435475 [px]
   Final cost : 0.425013 [px]
  Termination : Convergence

  => Merged observations: 51
  => Completed observations: 42
  => Filtered observations: 29
  => Changed observations: 0.039393

Bundle adjustment report
------------------------
    Residuals : 6222
   Parameters : 677
   Iterations : 2
         Time : 0.0065583 [s]
 Initial cost : 0.512041 [px]
   Final cost : 0.503746 [px]
  Termination : Convergence

  => Merged observations: 0
  => Completed observations: 6
  => Filtered observations: 0
  => Changed observations: 0.001929

==============================================================================
Registering image #20 (21)
==============================================================================

  => Image sees 179 / 529 points

Pose refinement report
----------------------
    Residuals : 314
   Parameters : 7
   Iterations : 10
         Time : 0.0014623 [s]
 Initial cost : 0.959038 [px]
   Final cost : 0.55396 [px]
  Termination : Convergence

  => Continued observations: 146
  => Added observations: 118

Bundle adjustment report
------------------------
    Residuals : 5418
   Parameters : 638
   Iterations : 5
         Time : 0.0133989 [s]
 Initial cost : 0.47783 [px]
   Final cost : 0.46607 [px]
  Termination : Convergence

  => Merged observations: 45
  => Completed observations: 40
  => Filtered observations: 31
  => Changed observations: 0.042820

Bundle adjustment report
------------------------
    Residuals : 5802
   Parameters : 551
   Iterations : 3
         Time : 0.0080518 [s]
 Initial cost : 0.529696 [px]
   Final cost : 0.517878 [px]
  Termination : Convergence

  => Merged observations: 0
  => Completed observations: 9
  => Filtered observations: 2
  => Changed observations: 0.003792

==============================================================================
Retriangulation
==============================================================================

  => Completed observations: 8
  => Merged observations: 0
  => Retriangulated observations: 0

==============================================================================
Global bundle adjustment
==============================================================================

iter      cost      cost_change  |gradient|   |step|    tr_ratio  tr_radius  ls_iter  iter_time  total_time
   0  3.510726e+03    0.00e+00    1.02e+02   0.00e+00   0.00e+00  1.00e+04        0    5.98e-03    1.37e-02
   1  3.482389e+03    2.83e+01    1.99e+00   2.13e+01   9.98e-01  3.00e+04        1    2.03e-02    3.41e-02
   2  3.482265e+03    1.24e-01    2.00e+00   6.03e+00   1.00e+00  9.00e+04        1    1.74e-02    5.15e-02
   3  3.482234e+03    3.12e-02    1.98e+00   1.15e+01   9.92e-01  2.70e+05        1    1.72e-02    6.87e-02
   4  3.482205e+03    2.87e-02    1.99e+00   1.71e+01   9.55e-01  8.10e+05        1    1.73e-02    8.60e-02
   5  3.482195e+03    1.03e-02    1.97e+00   1.26e+01   9.65e-01  2.43e+06        1    1.72e-02    1.03e-01
   6  3.482194e+03    1.07e-03    2.00e+00   3.73e+00   1.01e+00  7.29e+06        1    1.72e-02    1.20e-01
   7  3.482193e+03    1.21e-05    1.91e-01   4.30e-01   1.02e+00  2.19e+07        1    1.71e-02    1.38e-01


Bundle adjustment report
------------------------
    Residuals : 14682
   Parameters : 4190
   Iterations : 8
         Time : 0.137678 [s]
 Initial cost : 0.488997 [px]
   Final cost : 0.487005 [px]
  Termination : Convergence

  => Completed observations: 1
  => Merged observations: 0
  => Filtered observations: 2
  => Changed observations: 0.000409
  => Filtered images: 0

==============================================================================
Registering image #19 (22)
==============================================================================

  => Image sees 178 / 467 points

Pose refinement report
----------------------
    Residuals : 324
   Parameters : 7
   Iterations : 10
         Time : 0.0014871 [s]
 Initial cost : 0.880672 [px]
   Final cost : 0.519359 [px]
  Termination : Convergence

  => Continued observations: 150
  => Added observations: 89

Bundle adjustment report
------------------------
    Residuals : 5044
   Parameters : 530
   Iterations : 4
         Time : 0.0098272 [s]
 Initial cost : 0.48435 [px]
   Final cost : 0.471283 [px]
  Termination : Convergence

  => Merged observations: 98
  => Completed observations: 31
  => Filtered observations: 27
  => Changed observations: 0.061856

Bundle adjustment report
------------------------
    Residuals : 4998
   Parameters : 494
   Iterations : 2
         Time : 0.005073 [s]
 Initial cost : 0.564744 [px]
   Final cost : 0.556657 [px]
  Termination : Convergence

  => Merged observations: 0
  => Completed observations: 21
  => Filtered observations: 2
  => Changed observations: 0.009204

==============================================================================
Registering image #7 (23)
==============================================================================

  => Image sees 137 / 280 points

Pose refinement report
----------------------
    Residuals : 220
   Parameters : 7
   Iterations : 27
         Time : 0.002797 [s]
 Initial cost : 0.928181 [px]
   Final cost : 0.673486 [px]
  Termination : Convergence

  => Continued observations: 105
  => Added observations: 88

Bundle adjustment report
------------------------
    Residuals : 6258
   Parameters : 470
   Iterations : 5
         Time : 0.0143638 [s]
 Initial cost : 0.433545 [px]
   Final cost : 0.42125 [px]
  Termination : Convergence

  => Merged observations: 0
  => Completed observations: 17
  => Filtered observations: 32
  => Changed observations: 0.015660

Bundle adjustment report
------------------------
    Residuals : 6074
   Parameters : 446
   Iterations : 2
         Time : 0.0055743 [s]
 Initial cost : 0.498452 [px]
   Final cost : 0.487244 [px]
  Termination : Convergence

  => Merged observations: 0
  => Completed observations: 12
  => Filtered observations: 2
  => Changed observations: 0.004610

==============================================================================
Registering image #12 (24)
==============================================================================

  => Image sees 133 / 325 points

Pose refinement report
----------------------
    Residuals : 240
   Parameters : 7
   Iterations : 11
         Time : 0.0012886 [s]
 Initial cost : 0.911007 [px]
   Final cost : 0.643103 [px]
  Termination : Convergence

  => Continued observations: 118
  => Added observations: 70

Bundle adjustment report
------------------------
    Residuals : 6106
   Parameters : 569
   Iterations : 4
         Time : 0.0132484 [s]
 Initial cost : 0.431416 [px]
   Final cost : 0.418537 [px]
  Termination : Convergence

  => Merged observations: 22
  => Completed observations: 9
  => Filtered observations: 20
  => Changed observations: 0.016705

Bundle adjustment report
------------------------
    Residuals : 6074
   Parameters : 560
   Iterations : 2
         Time : 0.0063629 [s]
 Initial cost : 0.505374 [px]
   Final cost : 0.498914 [px]
  Termination : Convergence

  => Merged observations: 0
  => Completed observations: 2
  => Filtered observations: 0
  => Changed observations: 0.000659

==============================================================================
Retriangulation
==============================================================================

  => Completed observations: 7
  => Merged observations: 0
  => Retriangulated observations: 0

==============================================================================
Global bundle adjustment
==============================================================================

iter      cost      cost_change  |gradient|   |step|    tr_ratio  tr_radius  ls_iter  iter_time  total_time
   0  4.254995e+03    0.00e+00    1.89e+02   0.00e+00   0.00e+00  1.00e+04        0    6.58e-03    1.49e-02
   1  4.192923e+03    6.21e+01    2.00e+00   2.97e+01   9.97e-01  3.00e+04        1    2.24e-02    3.74e-02
   2  4.192423e+03    5.00e-01    1.93e+00   1.97e+01   9.98e-01  9.00e+04        1    1.91e-02    5.65e-02
   3  4.192098e+03    3.25e-01    2.88e+00   4.03e+01   9.45e-01  2.70e+05        1    1.95e-02    7.60e-02
   4  4.191908e+03    1.90e-01    5.78e+00   6.04e+01   5.70e-01  2.71e+05        1    1.95e-02    9.55e-02
   5  4.191694e+03    2.13e-01    1.95e+00   3.17e+01   9.54e-01  8.12e+05        1    1.94e-02    1.15e-01
   6  4.191661e+03    3.36e-02    2.00e+00   2.45e+01   9.08e-01  1.78e+06        1    1.95e-02    1.34e-01
   7  4.191655e+03    5.50e-03    1.99e+00   7.58e+00   9.99e-01  5.34e+06        1    1.93e-02    1.54e-01
   8  4.191655e+03    7.80e-05    6.04e-01   1.22e+00   1.02e+00  1.60e+07        1    1.92e-02    1.73e-01


Bundle adjustment report
------------------------
    Residuals : 15852
   Parameters : 4364
   Iterations : 9
         Time : 0.173026 [s]
 Initial cost : 0.518093 [px]
   Final cost : 0.514222 [px]
  Termination : Convergence

  => Completed observations: 3
  => Merged observations: 23
  => Filtered observations: 14
  => Changed observations: 0.005047

==============================================================================
Global bundle adjustment
==============================================================================

iter      cost      cost_change  |gradient|   |step|    tr_ratio  tr_radius  ls_iter  iter_time  total_time
   0  4.143655e+03    0.00e+00    3.43e+01   0.00e+00   0.00e+00  1.00e+04        0    6.48e-03    1.46e-02
   1  4.117978e+03    2.57e+01    2.88e+00   5.52e+01   9.57e-01  3.00e+04        1    2.23e-02    3.69e-02
   2  4.116648e+03    1.33e+00    1.85e+00   2.66e+01   9.84e-01  9.00e+04        1    1.92e-02    5.62e-02
   3  4.116618e+03    2.98e-02    2.00e+00   6.34e+00   1.00e+00  2.70e+05        1    1.93e-02    7.54e-02
   4  4.116615e+03    2.82e-03    2.00e+00   5.25e+00   9.99e-01  8.10e+05        1    1.92e-02    9.46e-02
   5  4.116614e+03    9.07e-04    2.00e+00   4.00e+00   1.00e+00  2.43e+06        1    1.94e-02    1.14e-01
   6  4.116614e+03    6.95e-05    7.17e-01   1.25e+00   1.01e+00  7.29e+06        1    1.92e-02    1.33e-01


Bundle adjustment report
------------------------
    Residuals : 15712
   Parameters : 4325
   Iterations : 7
         Time : 0.13343 [s]
 Initial cost : 0.513542 [px]
   Final cost : 0.511864 [px]
  Termination : Convergence

  => Completed observations: 2
  => Merged observations: 0
  => Filtered observations: 3
  => Changed observations: 0.000636

==============================================================================
Global bundle adjustment
==============================================================================

iter      cost      cost_change  |gradient|   |step|    tr_ratio  tr_radius  ls_iter  iter_time  total_time
   0  4.104712e+03    0.00e+00    2.89e+01   0.00e+00   0.00e+00  1.00e+04        0    6.43e-03    1.46e-02
   1  4.097623e+03    7.09e+00    2.10e+00   8.40e+00   9.98e-01  3.00e+04        1    2.24e-02    3.71e-02
   2  4.097597e+03    2.59e-02    2.00e+00   1.31e+00   1.00e+00  9.00e+04        1    1.90e-02    5.60e-02
   3  4.097595e+03    1.74e-03    1.99e+00   2.14e+00   1.01e+00  2.70e+05        1    1.89e-02    7.50e-02
   4  4.097594e+03    1.19e-03    1.99e+00   3.33e+00   1.00e+00  8.10e+05        1    1.94e-02    9.43e-02
   5  4.097594e+03    3.81e-04    2.00e+00   2.56e+00   1.01e+00  2.43e+06        1    1.90e-02    1.13e-01
   6  4.097594e+03    2.80e-05    3.65e-01   7.92e-01   1.01e+00  7.29e+06        1    1.90e-02    1.32e-01


Bundle adjustment report
------------------------
    Residuals : 15696
   Parameters : 4322
   Iterations : 7
         Time : 0.132489 [s]
 Initial cost : 0.511384 [px]
   Final cost : 0.51094 [px]
  Termination : Convergence

  => Completed observations: 1
  => Merged observations: 0
  => Filtered observations: 1
  => Changed observations: 0.000255
  => Filtered images: 0

==============================================================================
Registering image #13 (25)
==============================================================================

  => Image sees 146 / 349 points

Pose refinement report
----------------------
    Residuals : 254
   Parameters : 7
   Iterations : 9
         Time : 0.0011083 [s]
 Initial cost : 0.927043 [px]
   Final cost : 0.584609 [px]
  Termination : Convergence

  => Continued observations: 119
  => Added observations: 121

Bundle adjustment report
------------------------
    Residuals : 6036
   Parameters : 578
   Iterations : 4
         Time : 0.0116053 [s]
 Initial cost : 0.459228 [px]
   Final cost : 0.448997 [px]
  Termination : Convergence

  => Merged observations: 32
  => Completed observations: 13
  => Filtered observations: 36
  => Changed observations: 0.026839

Bundle adjustment report
------------------------
    Residuals : 6146
   Parameters : 506
   Iterations : 2
         Time : 0.0058146 [s]
 Initial cost : 0.520454 [px]
   Final cost : 0.512977 [px]
  Termination : Convergence

  => Merged observations: 0
  => Completed observations: 11
  => Filtered observations: 1
  => Changed observations: 0.003905

==============================================================================
Registering image #22 (26)
==============================================================================

  => Image sees 120 / 299 points

Pose refinement report
----------------------
    Residuals : 196
   Parameters : 7
   Iterations : 9
         Time : 0.0008693 [s]
 Initial cost : 0.905279 [px]
   Final cost : 0.59227 [px]
  Termination : Convergence

  => Continued observations: 92
  => Added observations: 79

Bundle adjustment report
------------------------
    Residuals : 4936
   Parameters : 335
   Iterations : 4
         Time : 0.0095652 [s]
 Initial cost : 0.463412 [px]
   Final cost : 0.455413 [px]
  Termination : Convergence

  => Merged observations: 39
  => Completed observations: 17
  => Filtered observations: 18
  => Changed observations: 0.029984

Bundle adjustment report
------------------------
    Residuals : 4950
   Parameters : 329
   Iterations : 2
         Time : 0.0044319 [s]
 Initial cost : 0.561378 [px]
   Final cost : 0.548733 [px]
  Termination : Convergence

  => Merged observations: 0
  => Completed observations: 8
  => Filtered observations: 1
  => Changed observations: 0.003636

==============================================================================
Registering image #24 (27)
==============================================================================

  => Image sees 119 / 360 points

Pose refinement report
----------------------
    Residuals : 184
   Parameters : 7
   Iterations : 10
         Time : 0.0009348 [s]
 Initial cost : 0.851654 [px]
   Final cost : 0.621273 [px]
  Termination : Convergence

  => Continued observations: 88
  => Added observations: 119

Bundle adjustment report
------------------------
    Residuals : 5176
   Parameters : 347
   Iterations : 6
         Time : 0.013948 [s]
 Initial cost : 0.505487 [px]
   Final cost : 0.468744 [px]
  Termination : Convergence

  => Merged observations: 25
  => Completed observations: 28
  => Filtered observations: 34
  => Changed observations: 0.033617

Bundle adjustment report
------------------------
    Residuals : 4308
   Parameters : 314
   Iterations : 2
         Time : 0.0042973 [s]
 Initial cost : 0.591081 [px]
   Final cost : 0.582203 [px]
  Termination : Convergence

  => Merged observations: 4
  => Completed observations: 12
  => Filtered observations: 2
  => Changed observations: 0.008357

==============================================================================
Retriangulation
==============================================================================

  => Completed observations: 6
  => Merged observations: 0
  => Retriangulated observations: 0

==============================================================================
Global bundle adjustment
==============================================================================

iter      cost      cost_change  |gradient|   |step|    tr_ratio  tr_radius  ls_iter  iter_time  total_time
   0  4.948539e+03    0.00e+00    1.72e+02   0.00e+00   0.00e+00  1.00e+04        0    6.99e-03    1.61e-02
   1  4.883380e+03    6.52e+01    2.59e+00   3.89e+01   9.97e-01  3.00e+04        1    2.55e-02    4.16e-02
   2  4.883016e+03    3.63e-01    2.00e+00   9.73e+00   1.00e+00  9.00e+04        1    2.28e-02    6.45e-02
   3  4.882975e+03    4.16e-02    2.00e+00   1.27e+01   1.00e+00  2.70e+05        1    2.79e-02    9.24e-02
   4  4.882940e+03    3.44e-02    1.98e+00   1.83e+01   9.68e-01  8.10e+05        1    2.19e-02    1.14e-01
   5  4.882928e+03    1.19e-02    1.99e+00   1.34e+01   9.68e-01  2.43e+06        1    2.17e-02    1.36e-01
   6  4.882927e+03    1.24e-03    2.00e+00   4.01e+00   1.01e+00  7.29e+06        1    2.23e-02    1.58e-01
   7  4.882927e+03    1.47e-05    1.81e-01   4.67e-01   1.03e+00  2.19e+07        1    2.18e-02    1.80e-01


Bundle adjustment report
------------------------
    Residuals : 16884
   Parameters : 4550
   Iterations : 8
         Time : 0.180274 [s]
 Initial cost : 0.541378 [px]
   Final cost : 0.537777 [px]
  Termination : Convergence

  => Completed observations: 4
  => Merged observations: 0
  => Filtered observations: 6
  => Changed observations: 0.001185

==============================================================================
Global bundle adjustment
==============================================================================

iter      cost      cost_change  |gradient|   |step|    tr_ratio  tr_radius  ls_iter  iter_time  total_time
   0  4.854250e+03    0.00e+00    3.69e+01   0.00e+00   0.00e+00  1.00e+04        0    6.88e-03    1.55e-02
   1  4.843830e+03    1.04e+01    2.00e+00   1.99e+01   9.95e-01  3.00e+04        1    2.43e-02    3.98e-02
   2  4.843723e+03    1.07e-01    2.00e+00   3.27e+00   1.00e+00  9.00e+04        1    2.10e-02    6.08e-02
   3  4.843721e+03    1.09e-03    9.04e-01   8.09e-01   1.01e+00  2.70e+05        1    2.10e-02    8.18e-02


Bundle adjustment report
------------------------
    Residuals : 16846
   Parameters : 4544
   Iterations : 4
         Time : 0.0819352 [s]
 Initial cost : 0.5368 [px]
   Final cost : 0.536218 [px]
  Termination : Convergence

  => Completed observations: 3
  => Merged observations: 0
  => Filtered observations: 1
  => Changed observations: 0.000475
  => Filtered images: 0

==============================================================================
Registering image #23 (28)
==============================================================================

  => Image sees 140 / 347 points

Pose refinement report
----------------------
    Residuals : 222
   Parameters : 7
   Iterations : 10
         Time : 0.001116 [s]
 Initial cost : 0.889166 [px]
   Final cost : 0.57729 [px]
  Termination : Convergence

  => Continued observations: 104
  => Added observations: 102

Bundle adjustment report
------------------------
    Residuals : 4742
   Parameters : 398
   Iterations : 4
         Time : 0.0083258 [s]
 Initial cost : 0.523525 [px]
   Final cost : 0.508535 [px]
  Termination : Convergence

  => Merged observations: 25
  => Completed observations: 20
  => Filtered observations: 43
  => Changed observations: 0.037115

Bundle adjustment report
------------------------
    Residuals : 4730
   Parameters : 347
   Iterations : 2
         Time : 0.0044648 [s]
 Initial cost : 0.578635 [px]
   Final cost : 0.568292 [px]
  Termination : Convergence

  => Merged observations: 10
  => Completed observations: 16
  => Filtered observations: 1
  => Changed observations: 0.011416

==============================================================================
Registering image #16 (29)
==============================================================================

  => Image sees 114 / 249 points

Pose refinement report
----------------------
    Residuals : 196
   Parameters : 7
   Iterations : 9
         Time : 0.0008929 [s]
 Initial cost : 0.88578 [px]
   Final cost : 0.599976 [px]
  Termination : Convergence

  => Continued observations: 92
  => Added observations: 101

Bundle adjustment report
------------------------
    Residuals : 6170
   Parameters : 380
   Iterations : 5
         Time : 0.0137922 [s]
 Initial cost : 0.441991 [px]
   Final cost : 0.436633 [px]
  Termination : Convergence

  => Merged observations: 0
  => Completed observations: 35
  => Filtered observations: 36
  => Changed observations: 0.023015

Bundle adjustment report
------------------------
    Residuals : 6174
   Parameters : 455
   Iterations : 2
         Time : 0.0057492 [s]
 Initial cost : 0.510499 [px]
   Final cost : 0.502502 [px]
  Termination : Convergence

  => Merged observations: 0
  => Completed observations: 13
  => Filtered observations: 0
  => Changed observations: 0.004211

==============================================================================
Retriangulation
==============================================================================

  => Completed observations: 1
  => Merged observations: 22
  => Retriangulated observations: 0

==============================================================================
Global bundle adjustment
==============================================================================

iter      cost      cost_change  |gradient|   |step|    tr_ratio  tr_radius  ls_iter  iter_time  total_time
   0  5.299485e+03    0.00e+00    1.64e+02   0.00e+00   0.00e+00  1.00e+04        0    7.21e-03    1.61e-02
   1  5.266539e+03    3.29e+01    2.08e+00   2.27e+01   9.97e-01  3.00e+04        1    2.59e-02    4.20e-02
   2  5.266378e+03    1.61e-01    1.99e+00   5.54e+00   1.00e+00  9.00e+04        1    2.33e-02    6.53e-02
   3  5.266351e+03    2.63e-02    1.72e+00   9.28e+00   9.94e-01  2.70e+05        1    2.28e-02    8.81e-02
   4  5.266328e+03    2.39e-02    1.98e+00   1.40e+01   9.74e-01  8.10e+05        1    2.27e-02    1.11e-01
   5  5.266319e+03    8.17e-03    2.00e+00   1.04e+01   9.81e-01  2.43e+06        1    2.33e-02    1.34e-01
   6  5.266319e+03    7.42e-04    1.99e+00   3.13e+00   1.01e+00  7.29e+06        1    2.37e-02    1.58e-01
   7  5.266319e+03    9.04e-06    1.41e-01   3.64e-01   1.03e+00  2.19e+07        1    2.37e-02    1.82e-01


Bundle adjustment report
------------------------
    Residuals : 17566
   Parameters : 4627
   Iterations : 8
         Time : 0.181738 [s]
 Initial cost : 0.549263 [px]
   Final cost : 0.547542 [px]
  Termination : Convergence

  => Completed observations: 2
  => Merged observations: 0
  => Filtered observations: 2
  => Changed observations: 0.000455
  => Filtered images: 0

Elapsed time: 0.084 [minutes]
